app_id,target,run_id,num_devices,window_id,candidate_count,prediction_min,prediction_max,prediction_range,prediction_std
0,failure_rate,iteration_5,1500,13,50,0.016919653862714767,0.6352527141571045,0.6183330416679382,0.22559212148189545
0,failure_rate,iteration_5,1700,15,50,0.11572793871164322,0.6725519299507141,0.5568239688873291,0.17440937459468842
0,failure_rate,iteration_5,1400,10,50,0.009749037213623524,0.6341453790664673,0.6243963241577148,0.23391255736351013
0,failure_rate,iteration_5,1600,51,50,0.08247894048690796,0.670452892780304,0.587973952293396,0.1883467435836792
0,failure_rate,iteration_5,1600,49,50,0.08218938857316971,0.66480952501297,0.5826201438903809,0.18651023507118225
0,failure_rate,iteration_5,1400,8,50,0.01105174794793129,0.634344756603241,0.6232929825782776,0.23360684514045715
0,failure_rate,iteration_5,1300,54,50,0.0,0.6223092079162598,0.6223092079162598,0.22875584661960602
0,failure_rate,iteration_5,1600,34,50,0.08669325709342957,0.6713123321533203,0.5846190452575684,0.1873423010110855
0,failure_rate,iteration_5,1500,3,50,0.0,0.6508488059043884,0.6508488059043884,0.2274194061756134
0,failure_rate,iteration_5,1400,12,50,0.0004971681046299636,0.6423979997634888,0.6419008374214172,0.22860923409461975
0,failure_rate,iteration_5,1800,4,50,0.16398252546787262,0.697449266910553,0.5334667563438416,0.1788375973701477
0,failure_rate,iteration_5,1800,41,50,0.1641727089881897,0.6815891265869141,0.5174164175987244,0.17973078787326813
0,failure_rate,iteration_5,1800,56,50,0.1562802642583847,0.6917800903320312,0.5354998111724854,0.1798156052827835
0,failure_rate,iteration_5,1300,51,50,0.0,0.6246622204780579,0.6246622204780579,0.23270821571350098
0,failure_rate,iteration_5,1600,48,50,0.09019961953163147,0.6682726144790649,0.5780730247497559,0.18578484654426575
0,failure_rate,iteration_5,1500,5,50,0.019110675901174545,0.6578614115715027,0.6387507319450378,0.2233007848262787
0,failure_rate,iteration_5,1300,53,50,0.0,0.629153311252594,0.629153311252594,0.23287391662597656
0,failure_rate,iteration_5,1700,23,50,0.15039655566215515,0.6790095567703247,0.5286129713058472,0.1705331653356552
0,failure_rate,iteration_5,1300,11,50,0.0012215519091114402,0.6308490037918091,0.6296274662017822,0.23926445841789246
0,failure_rate,iteration_5,1800,16,50,0.1330161690711975,0.6708424687385559,0.5378262996673584,0.17839883267879486
0,failure_rate,iteration_5,1300,30,50,0.0005725915543735027,0.6074584126472473,0.6068858504295349,0.23056387901306152
0,failure_rate,iteration_5,1700,55,50,0.10009876638650894,0.6404871940612793,0.5403884053230286,0.1749473661184311
0,failure_rate,iteration_5,1600,41,50,0.0754472091794014,0.6523783802986145,0.5769311785697937,0.20029188692569733
0,failure_rate,iteration_5,1700,4,50,0.13199478387832642,0.6919581890106201,0.5599634051322937,0.1777016669511795
0,failure_rate,iteration_5,1500,42,50,0.007704112213104963,0.6529688239097595,0.6452646851539612,0.22154594957828522
0,failure_rate,iteration_5,1700,29,50,0.12380389869213104,0.6557985544204712,0.531994640827179,0.17204821109771729
0,failure_rate,iteration_5,1700,40,50,0.126752570271492,0.6600061058998108,0.53325355052948,0.173970565199852
0,failure_rate,iteration_5,1500,23,50,0.026716535910964012,0.6287348866462708,0.6020183563232422,0.21752215921878815
0,failure_rate,iteration_5,1600,52,50,0.058760806918144226,0.6339386105537415,0.575177788734436,0.19894695281982422
0,failure_rate,iteration_5,1300,24,50,0.0071436017751693726,0.6462923288345337,0.6391487121582031,0.2420896291732788
0,deadline_norm_service_time,iteration_5,1500,13,50,0.631653368473053,1.2302333116531372,0.5985799431800842,0.17427517473697662
0,deadline_norm_service_time,iteration_5,1700,15,50,0.7479668259620667,1.300890564918518,0.5529237389564514,0.15754370391368866
0,deadline_norm_service_time,iteration_5,1400,10,50,0.6230276823043823,1.2554720640182495,0.6324443817138672,0.18982085585594177
0,deadline_norm_service_time,iteration_5,1600,51,50,0.7146898508071899,1.324109435081482,0.609419584274292,0.1516631692647934
0,deadline_norm_service_time,iteration_5,1600,49,50,0.7152843475341797,1.3218904733657837,0.606606125831604,0.15043793618679047
0,deadline_norm_service_time,iteration_5,1400,8,50,0.612468957901001,1.2171980142593384,0.6047290563583374,0.1850111335515976
0,deadline_norm_service_time,iteration_5,1300,54,50,0.5921295285224915,1.2354084253311157,0.6432788968086243,0.17655479907989502
0,deadline_norm_service_time,iteration_5,1600,34,50,0.7149707674980164,1.3192083835601807,0.6042376160621643,0.1528743952512741
0,deadline_norm_service_time,iteration_5,1500,3,50,0.6370667219161987,1.2610708475112915,0.6240041255950928,0.1636808216571808
0,deadline_norm_service_time,iteration_5,1400,12,50,0.6603951454162598,1.279969334602356,0.6195741891860962,0.1602066159248352
0,deadline_norm_service_time,iteration_5,1800,4,50,0.7699766159057617,1.3561756610870361,0.5861990451812744,0.18270519375801086
0,deadline_norm_service_time,iteration_5,1800,41,50,0.7952070236206055,1.4494158029556274,0.654208779335022,0.21653451025485992
0,deadline_norm_service_time,iteration_5,1800,56,50,0.7427020072937012,1.3105864524841309,0.5678844451904297,0.16716447472572327
0,deadline_norm_service_time,iteration_5,1300,51,50,0.604834794998169,1.2455898523330688,0.6407550573348999,0.17032480239868164
0,deadline_norm_service_time,iteration_5,1600,48,50,0.7232052683830261,1.323771595954895,0.6005663275718689,0.14966046810150146
0,deadline_norm_service_time,iteration_5,1500,5,50,0.672938346862793,1.2744241952896118,0.6014858484268188,0.16172781586647034
0,deadline_norm_service_time,iteration_5,1300,53,50,0.6039544939994812,1.239912509918213,0.6359580159187317,0.17083482444286346
0,deadline_norm_service_time,iteration_5,1700,23,50,0.7632378935813904,1.3251383304595947,0.5619004368782043,0.17688919603824615
0,deadline_norm_service_time,iteration_5,1300,11,50,0.6052626371383667,1.2135310173034668,0.6082683801651001,0.18678930401802063
0,deadline_norm_service_time,iteration_5,1800,16,50,0.7848768830299377,1.3348556756973267,0.5499787926673889,0.1843286007642746
0,deadline_norm_service_time,iteration_5,1300,30,50,0.5756445527076721,1.1836295127868652,0.6079849600791931,0.1864974945783615
0,deadline_norm_service_time,iteration_5,1700,55,50,0.7487976551055908,1.2485729455947876,0.4997752904891968,0.1362818479537964
0,deadline_norm_service_time,iteration_5,1600,41,50,0.6890466809272766,1.251010537147522,0.5619638562202454,0.1455969363451004
0,deadline_norm_service_time,iteration_5,1700,4,50,0.7475230693817139,1.3286913633346558,0.5811682939529419,0.18045394122600555
0,deadline_norm_service_time,iteration_5,1500,42,50,0.6465395092964172,1.2574094533920288,0.6108699440956116,0.15744687616825104
0,deadline_norm_service_time,iteration_5,1700,29,50,0.7699962258338928,1.3389925956726074,0.5689963698387146,0.18565602600574493
0,deadline_norm_service_time,iteration_5,1700,40,50,0.783575177192688,1.3278286457061768,0.5442534685134888,0.18108245730400085
0,deadline_norm_service_time,iteration_5,1500,23,50,0.6816290616989136,1.2154734134674072,0.5338443517684937,0.1488189995288849
0,deadline_norm_service_time,iteration_5,1600,52,50,0.6966381669044495,1.2321854829788208,0.5355473160743713,0.14401914179325104
0,deadline_norm_service_time,iteration_5,1300,24,50,0.6231594681739807,1.1579681634902954,0.5348086953163147,0.1616290807723999
1,failure_rate,iteration_5,1800,55,50,0.1594916433095932,0.6918347477912903,0.5323430895805359,0.16248981654644012
1,failure_rate,iteration_5,1600,44,50,0.0848861038684845,0.6474171280860901,0.5625309944152832,0.19465120136737823
1,failure_rate,iteration_5,1600,30,50,0.1125970333814621,0.682130753993988,0.5695337057113647,0.18207484483718872
1,failure_rate,iteration_5,1800,17,50,0.17509931325912476,0.7028211355209351,0.5277218222618103,0.15749230980873108
1,failure_rate,iteration_5,1300,54,50,0.0,0.6216022372245789,0.6216022372245789,0.22474227845668793
1,failure_rate,iteration_5,1300,22,50,0.006165530998259783,0.5726367235183716,0.5664712190628052,0.20036958158016205
1,failure_rate,iteration_5,1800,50,50,0.1445903778076172,0.687136173248291,0.5425457954406738,0.16574060916900635
1,failure_rate,iteration_5,1700,14,50,0.08364776521921158,0.6460970044136047,0.5624492168426514,0.18646059930324554
1,failure_rate,iteration_5,1300,42,50,0.0035114798229187727,0.6186309456825256,0.615119457244873,0.22679366171360016
1,failure_rate,iteration_5,1600,53,50,0.08216048777103424,0.652982771396637,0.5708222985267639,0.19920893013477325
1,failure_rate,iteration_5,1300,55,50,0.0,0.6197941303253174,0.6197941303253174,0.22337552905082703
1,failure_rate,iteration_5,1800,4,50,0.17131103575229645,0.6980935335159302,0.5267825126647949,0.15859255194664001
1,failure_rate,iteration_5,1700,24,50,0.14381898939609528,0.6900490522384644,0.5462300777435303,0.16516289114952087
1,failure_rate,iteration_5,1300,45,50,0.0,0.622530460357666,0.622530460357666,0.22425085306167603
1,failure_rate,iteration_5,1600,31,50,0.10324378311634064,0.6720343828201294,0.56879061460495,0.1853710114955902
1,failure_rate,iteration_5,1400,29,50,0.0023428648710250854,0.6259236931800842,0.623580813407898,0.2283184975385666
1,failure_rate,iteration_5,1500,52,50,0.030181339010596275,0.6648286581039429,0.6346473097801208,0.21842992305755615
1,failure_rate,iteration_5,1500,37,50,0.026582708582282066,0.6417437195777893,0.6151610016822815,0.22165638208389282
1,failure_rate,iteration_5,1800,37,50,0.13905666768550873,0.6900151968002319,0.550958514213562,0.16477015614509583
1,failure_rate,iteration_5,1500,53,50,0.025227027013897896,0.6699784398078918,0.6447514295578003,0.2257193773984909
1,failure_rate,iteration_5,1800,6,50,0.18045619130134583,0.6994354724884033,0.5189793109893799,0.15637437999248505
1,failure_rate,iteration_5,1500,38,50,0.03042115829885006,0.6569333672523499,0.6265122294425964,0.22811442613601685
1,failure_rate,iteration_5,1700,51,50,0.1269064098596573,0.6936507225036621,0.566744327545166,0.17261946201324463
1,failure_rate,iteration_5,1700,54,50,0.10568438470363617,0.6858178377151489,0.5801334381103516,0.1746947467327118
1,failure_rate,iteration_5,1500,40,50,0.023379845544695854,0.667954683303833,0.6445748209953308,0.21963994204998016
1,failure_rate,iteration_5,1700,41,50,0.14609360694885254,0.6833155751228333,0.5372219681739807,0.16340674459934235
1,failure_rate,iteration_5,1400,4,50,0.008671924471855164,0.6345564126968384,0.625884473323822,0.22491306066513062
1,failure_rate,iteration_5,1700,3,50,0.1322874128818512,0.7025383710861206,0.5702509880065918,0.17226752638816833
1,failure_rate,iteration_5,1500,18,50,0.03063771314918995,0.6734319925308228,0.6427942514419556,0.2219543159008026
1,failure_rate,iteration_5,1500,4,50,0.015038258396089077,0.6689272522926331,0.653889000415802,0.22870594263076782
1,deadline_norm_service_time,iteration_5,1800,55,50,0.6547518968582153,1.3436270952224731,0.6888751983642578,0.1678776741027832
1,deadline_norm_service_time,iteration_5,1600,44,50,0.6708675622940063,1.347716212272644,0.6768486499786377,0.1733742356300354
1,deadline_norm_service_time,iteration_5,1600,30,50,0.6398546099662781,1.3806082010269165,0.7407535910606384,0.1787569671869278
1,deadline_norm_service_time,iteration_5,1800,17,50,0.6795207262039185,1.422451376914978,0.7429306507110596,0.17041464149951935
1,deadline_norm_service_time,iteration_5,1300,54,50,0.5961580276489258,1.310481071472168,0.7143230438232422,0.193059504032135
1,deadline_norm_service_time,iteration_5,1300,22,50,0.6012389659881592,1.3355780839920044,0.7343391180038452,0.20289377868175507
1,deadline_norm_service_time,iteration_5,1800,50,50,0.6840953826904297,1.3415322303771973,0.6574368476867676,0.1637035757303238
1,deadline_norm_service_time,iteration_5,1700,14,50,0.6658315062522888,1.3447966575622559,0.678965151309967,0.1725756973028183
1,deadline_norm_service_time,iteration_5,1300,42,50,0.594791829586029,1.3246407508850098,0.7298489212989807,0.2030351310968399
1,deadline_norm_service_time,iteration_5,1600,53,50,0.6380531191825867,1.3469051122665405,0.7088519930839539,0.17923206090927124
1,deadline_norm_service_time,iteration_5,1300,55,50,0.5892161726951599,1.306023359298706,0.7168071866035461,0.19418446719646454
1,deadline_norm_service_time,iteration_5,1800,4,50,0.6857315301895142,1.3364386558532715,0.6507071256637573,0.16360606253147125
1,deadline_norm_service_time,iteration_5,1700,24,50,0.6573517918586731,1.4025098085403442,0.7451580166816711,0.1743365079164505
1,deadline_norm_service_time,iteration_5,1300,45,50,0.6308260560035706,1.3432891368865967,0.7124630808830261,0.18950766324996948
1,deadline_norm_service_time,iteration_5,1600,31,50,0.6183607578277588,1.3703135251998901,0.7519527673721313,0.17583899199962616
1,deadline_norm_service_time,iteration_5,1400,29,50,0.5937525033950806,1.3298108577728271,0.7360583543777466,0.20493091642856598
1,deadline_norm_service_time,iteration_5,1500,52,50,0.6053614020347595,1.3573938608169556,0.752032458782196,0.19146917760372162
1,deadline_norm_service_time,iteration_5,1500,37,50,0.6029025912284851,1.3406437635421753,0.7377411723136902,0.20336632430553436
1,deadline_norm_service_time,iteration_5,1800,37,50,0.6731966137886047,1.3478240966796875,0.6746274828910828,0.16894549131393433
1,deadline_norm_service_time,iteration_5,1500,53,50,0.5872868299484253,1.3413389921188354,0.7540521621704102,0.1955166906118393
1,deadline_norm_service_time,iteration_5,1800,6,50,0.67406165599823,1.3907496929168701,0.7166880369186401,0.16719123721122742
1,deadline_norm_service_time,iteration_5,1500,38,50,0.6015086770057678,1.3466334342956543,0.7451247572898865,0.2026081085205078
1,deadline_norm_service_time,iteration_5,1700,51,50,0.6697050929069519,1.3550697565078735,0.6853646636009216,0.16587835550308228
1,deadline_norm_service_time,iteration_5,1700,54,50,0.648615837097168,1.3453574180603027,0.6967415809631348,0.17152805626392365
1,deadline_norm_service_time,iteration_5,1500,40,50,0.6129350662231445,1.2810341119766235,0.668099045753479,0.1783932000398636
1,deadline_norm_service_time,iteration_5,1700,41,50,0.7777029275894165,1.3754801750183105,0.597777247428894,0.13877631723880768
1,deadline_norm_service_time,iteration_5,1400,4,50,0.6001486778259277,1.3214316368103027,0.721282958984375,0.20041045546531677
1,deadline_norm_service_time,iteration_5,1700,3,50,0.6636896133422852,1.362083077430725,0.6983934640884399,0.1691601425409317
1,deadline_norm_service_time,iteration_5,1500,18,50,0.639474093914032,1.3028392791748047,0.6633651852607727,0.17444825172424316
1,deadline_norm_service_time,iteration_5,1500,4,50,0.5852503180503845,1.375974416732788,0.7907240986824036,0.2006876915693283
2,failure_rate,iteration_5,1500,29,50,0.04414832592010498,0.6838082075119019,0.6396598815917969,0.23012489080429077
2,failure_rate,iteration_5,1400,24,50,0.032878097146749496,0.6613113284111023,0.6284332275390625,0.2275678664445877
2,failure_rate,iteration_5,1500,55,50,0.04620206728577614,0.6440674662590027,0.5978654026985168,0.2178061157464981
2,failure_rate,iteration_5,1300,33,50,0.0,0.6474285125732422,0.6474285125732422,0.24743340909481049
2,failure_rate,iteration_5,1600,41,50,0.08057759702205658,0.6658849120140076,0.5853073000907898,0.20228606462478638
2,failure_rate,iteration_5,1800,49,50,0.18119864165782928,0.716250479221344,0.5350518226623535,0.17394208908081055
2,failure_rate,iteration_5,1700,35,50,0.1564507782459259,0.7281972765922546,0.5717464685440063,0.1830025017261505
2,failure_rate,iteration_5,1400,11,50,0.028654014691710472,0.6433587074279785,0.6147046685218811,0.23839104175567627
2,failure_rate,iteration_5,1400,25,50,0.028211619704961777,0.660320520401001,0.6321089267730713,0.24124154448509216
2,failure_rate,iteration_5,1700,29,50,0.14804023504257202,0.6897734999656677,0.5417332649230957,0.1753225028514862
2,failure_rate,iteration_5,1600,44,50,0.08463850617408752,0.6564150452613831,0.5717765092849731,0.19661752879619598
2,failure_rate,iteration_5,1500,28,50,0.014628554694354534,0.6560729146003723,0.6414443850517273,0.2382303923368454
2,failure_rate,iteration_5,1400,20,50,0.02360760048031807,0.6629591584205627,0.6393515467643738,0.2367645651102066
2,failure_rate,iteration_5,1700,43,50,0.15399441123008728,0.6985048651695251,0.5445104837417603,0.17836743593215942
2,failure_rate,iteration_5,1300,22,50,0.020120292901992798,0.6127243041992188,0.5926040410995483,0.22649744153022766
2,failure_rate,iteration_5,1600,53,50,0.0808066576719284,0.6618675589561462,0.5810608863830566,0.20232471823692322
2,failure_rate,iteration_5,1800,28,50,0.1813700795173645,0.7051650881767273,0.5237950086593628,0.17173375189304352
2,failure_rate,iteration_5,1700,42,50,0.16644535958766937,0.6966386437416077,0.5301932692527771,0.17397478222846985
2,failure_rate,iteration_5,1700,20,50,0.13589318096637726,0.6856282949447632,0.5497351288795471,0.17433734238147736
2,failure_rate,iteration_5,1500,13,50,0.03315280005335808,0.6640527844429016,0.630899965763092,0.23535791039466858
2,failure_rate,iteration_5,1600,26,50,0.11825429648160934,0.7023060321807861,0.5840517282485962,0.19310034811496735
2,failure_rate,iteration_5,1300,14,50,0.01876724697649479,0.6481609344482422,0.6293936967849731,0.24446992576122284
2,failure_rate,iteration_5,1400,7,50,0.029541421681642532,0.6556286215782166,0.6260871887207031,0.23910316824913025
2,failure_rate,iteration_5,1400,5,50,0.025661302730441093,0.6313169598579407,0.6056556701660156,0.22848059237003326
2,failure_rate,iteration_5,1500,35,50,0.030038030818104744,0.67730712890625,0.647269070148468,0.22931037843227386
2,failure_rate,iteration_5,1500,10,50,0.04048196226358414,0.672863245010376,0.63238126039505,0.23758678138256073
2,failure_rate,iteration_5,1800,6,50,0.21048280596733093,0.7230560183525085,0.5125732421875,0.16575509309768677
2,failure_rate,iteration_5,1400,53,50,0.04058696702122688,0.6806841492652893,0.6400972008705139,0.23199281096458435
2,failure_rate,iteration_5,1700,15,50,0.15091724693775177,0.7004767060279846,0.549559473991394,0.173695370554924
2,failure_rate,iteration_5,1800,21,50,0.17804117500782013,0.7047057747840881,0.5266646146774292,0.1713334023952484
2,deadline_norm_service_time,iteration_5,1500,29,50,0.6765803694725037,1.3670024871826172,0.6904221177101135,0.23136702179908752
2,deadline_norm_service_time,iteration_5,1400,24,50,0.6815090179443359,1.383493423461914,0.7019844055175781,0.2375810742378235
2,deadline_norm_service_time,iteration_5,1500,55,50,0.6882764101028442,1.3838555812835693,0.6955791711807251,0.23335221409797668
2,deadline_norm_service_time,iteration_5,1300,33,50,0.7031009793281555,1.4228659868240356,0.7197650074958801,0.24613066017627716
2,deadline_norm_service_time,iteration_5,1600,41,50,0.6627019047737122,1.3809751272201538,0.7182732224464417,0.23506347835063934
2,deadline_norm_service_time,iteration_5,1800,49,50,0.6967191696166992,1.3620129823684692,0.66529381275177,0.21920901536941528
2,deadline_norm_service_time,iteration_5,1700,35,50,0.7644984126091003,1.3858615159988403,0.62136310338974,0.20522934198379517
2,deadline_norm_service_time,iteration_5,1400,11,50,0.6649121046066284,1.4062327146530151,0.7413206100463867,0.25913137197494507
2,deadline_norm_service_time,iteration_5,1400,25,50,0.6431623697280884,1.4062941074371338,0.7631317377090454,0.26383528113365173
2,deadline_norm_service_time,iteration_5,1700,29,50,0.783169686794281,1.3543132543563843,0.5711435675621033,0.18284548819065094
2,deadline_norm_service_time,iteration_5,1600,44,50,0.6688995957374573,1.3917196989059448,0.7228201031684875,0.23357883095741272
2,deadline_norm_service_time,iteration_5,1500,28,50,0.6547297835350037,1.4084659814834595,0.7537361979484558,0.25761502981185913
2,deadline_norm_service_time,iteration_5,1400,20,50,0.6693956255912781,1.4058388471603394,0.7364432215690613,0.24920861423015594
2,deadline_norm_service_time,iteration_5,1700,43,50,0.718254029750824,1.3706244230270386,0.6523703932762146,0.21451078355312347
2,deadline_norm_service_time,iteration_5,1300,22,50,0.6674203872680664,1.3787237405776978,0.7113033533096313,0.24814201891422272
2,deadline_norm_service_time,iteration_5,1600,53,50,0.6629441976547241,1.3921209573745728,0.7291767597198486,0.23769664764404297
2,deadline_norm_service_time,iteration_5,1800,28,50,0.6847501993179321,1.3806097507476807,0.6958595514297485,0.22410494089126587
2,deadline_norm_service_time,iteration_5,1700,42,50,0.7945647239685059,1.3427056074142456,0.5481408834457397,0.17702287435531616
2,deadline_norm_service_time,iteration_5,1700,20,50,0.6716395616531372,1.3770668506622314,0.7054272890090942,0.22439689934253693
2,deadline_norm_service_time,iteration_5,1500,13,50,0.6404945850372314,1.4114495515823364,0.770954966545105,0.2613099217414856
2,deadline_norm_service_time,iteration_5,1600,26,50,0.6653032898902893,1.3713120222091675,0.7060087323188782,0.22854650020599365
2,deadline_norm_service_time,iteration_5,1300,14,50,0.6590120196342468,1.4103920459747314,0.7513800263404846,0.2639652490615845
2,deadline_norm_service_time,iteration_5,1400,7,50,0.646008312702179,1.4030040502548218,0.7569957375526428,0.2616693675518036
2,deadline_norm_service_time,iteration_5,1400,5,50,0.6668294072151184,1.3813002109527588,0.7144708037376404,0.24571487307548523
2,deadline_norm_service_time,iteration_5,1500,35,50,0.6717278361320496,1.3614588975906372,0.6897310614585876,0.2304561585187912
2,deadline_norm_service_time,iteration_5,1500,10,50,0.6419904828071594,1.4094034433364868,0.7674129605293274,0.260999858379364
2,deadline_norm_service_time,iteration_5,1800,6,50,0.7107039093971252,1.40923273563385,0.6985288262367249,0.21829035878181458
2,deadline_norm_service_time,iteration_5,1400,53,50,0.6849718689918518,1.3844071626663208,0.699435293674469,0.23947162926197052
2,deadline_norm_service_time,iteration_5,1700,15,50,0.6940120458602905,1.3792165517807007,0.6852045059204102,0.2213536500930786
2,deadline_norm_service_time,iteration_5,1800,21,50,0.7501552700996399,1.3735870122909546,0.6234317421913147,0.20478233695030212
