app_id,target,feature,gain,normalized_gain
0,failure_rate,state_failed_1,1.987317442893982,0.556412295517881
0,failure_rate,state_failed_2,0.5300878286361694,0.14841483257351695
0,failure_rate,state_failed_0,0.31979361176490784,0.0895363235754374
0,failure_rate,candidate_alpha,0.16594718396663666,0.04646215625780638
0,failure_rate,num_devices,0.06856953352689743,0.019198206954160295
0,failure_rate,state_lag_total_0,0.06757237762212753,0.01891902165945757
0,failure_rate,state_total_0,0.05240454524755478,0.0146723078494703
0,failure_rate,state_lag_total_1,0.038099098950624466,0.010667046263836749
0,failure_rate,state_sent_rsu,0.03789164125919342,0.010608961929738672
0,failure_rate,state_total_1,0.03737194463610649,0.010463456443406504
0,failure_rate,state_deadline_miss_rate_2,0.03366194665431976,0.009424725313262248
0,failure_rate,state_sent_edge,0.03050493448972702,0.008540820030912933
0,failure_rate,previous_alpha,0.02627805806696415,0.007357372453541991
0,failure_rate,state_lag_total_2,0.0198898334056139,0.005568787161939208
0,failure_rate,state_mean_service_time_2,0.01820649579167366,0.005097483621957122
0,failure_rate,state_completed_0,0.015825198963284492,0.00443076435205327
0,failure_rate,state_total_2,0.01548265852034092,0.004334859334539612
0,failure_rate,state_completed_1,0.015419035218656063,0.004317045981436171
0,failure_rate,state_deadline_miss_rate_1,0.012246249243617058,0.003428724322573456
0,failure_rate,state_deadline_norm_service_time_2,0.010531209409236908,0.0029485447445376316
0,failure_rate,state_fail_rsu,0.010261879302561283,0.00287313727330383
0,failure_rate,state_completed_2,0.007492475211620331,0.0020977551153265298
0,failure_rate,state_sent_gsm,0.005207587964832783,0.001458028753274761
0,failure_rate,state_deadline_norm_service_time_1,0.004801269620656967,0.0013442670976307259
0,failure_rate,state_fail_gsm,0.004382092505693436,0.0012269052229089007
0,failure_rate,state_deadline_norm_service_time_0,0.0030086541082710028,0.0008423677579987295
0,failure_rate,state_fail_edge,0.0028300851117819548,0.0007923717266147812
0,failure_rate,state_failure_rate_1,0.0026122652925550938,0.0007313861875109646
0,failure_rate,state_failure_rate_2,0.0023623451124876738,0.0006614131383713896
0,failure_rate,state_deadline_miss_rate_0,0.0022670417092740536,0.0006347299401021006
0,failure_rate,candidate_threshold_1,0.00216993922367692,0.0006075430318883253
0,failure_rate,state_mean_service_time_1,0.0021667906548827887,0.0006066614905942543
0,failure_rate,state_failure_rate_0,0.0021529695950448513,0.000602791848299102
0,failure_rate,candidate_w_load_0,0.00208763568662107,0.000584499556802735
0,failure_rate,candidate_w_load_2,0.001604350982233882,0.0004491887373268245
0,failure_rate,previous_threshold_1,0.0014100782573223114,0.00039479595110584255
0,failure_rate,state_gsm_failure_rate,0.0013962897937744856,0.0003909354351717912
0,failure_rate,previous_w_load_2,0.0013311721850186586,0.00037270370360015936
0,failure_rate,previous_w_load_0,0.001135279075242579,0.00031785723945001326
0,failure_rate,state_mean_service_time_0,0.0011219563893973827,0.00031412713269726706
0,failure_rate,candidate_threshold_0,0.0009335477370768785,0.0002613761788383698
0,failure_rate,candidate_threshold_2,0.0008847633143886924,0.0002477174386554627
0,failure_rate,state_avg_edge_cpu,0.0008249242091551423,0.0002309635908875639
0,failure_rate,state_rsu_failure_rate,0.000806355441454798,0.00022576467780096546
0,failure_rate,candidate_w_load_1,0.0007851580739952624,0.00021982980517693172
0,failure_rate,state_edge_failure_rate,0.0007563759572803974,0.00021177134240418994
0,failure_rate,previous_threshold_0,0.0007039558840915561,0.00019709468701704425
0,failure_rate,previous_w_load_1,0.0005578119307756424,0.00015617707074425054
0,failure_rate,previous_threshold_2,0.00050754239782691,0.00014210252703074876
0,deadline_norm_service_time,state_failed_1,1.381875991821289,0.3322015903852461
0,deadline_norm_service_time,state_failed_0,0.7255097031593323,0.174411798638895
0,deadline_norm_service_time,state_mean_service_time_0,0.36591899394989014,0.08796655594407586
0,deadline_norm_service_time,candidate_alpha,0.21520990133285522,0.051736242551836904
0,deadline_norm_service_time,state_failed_2,0.18296822905540466,0.043985377155346145
0,deadline_norm_service_time,state_deadline_norm_service_time_0,0.16682112216949463,0.040103628996055754
0,deadline_norm_service_time,state_failure_rate_2,0.10128559172153473,0.024348953778882916
0,deadline_norm_service_time,state_total_0,0.08928892016410828,0.021464966073550588
0,deadline_norm_service_time,state_lag_total_1,0.08680058270692825,0.02086677226630389
0,deadline_norm_service_time,state_sent_rsu,0.07188531756401062,0.017281157615770436
0,deadline_norm_service_time,state_lag_total_2,0.06850806623697281,0.01646926981352708
0,deadline_norm_service_time,state_lag_total_0,0.06827148795127869,0.01641239663299326
0,deadline_norm_service_time,state_completed_0,0.05846463516354561,0.0140548391444482
0,deadline_norm_service_time,state_mean_service_time_2,0.05413072183728218,0.01301297076544917
0,deadline_norm_service_time,candidate_w_load_0,0.05136539787054062,0.012348189681532062
0,deadline_norm_service_time,state_total_1,0.050085656344890594,0.012040541113484605
0,deadline_norm_service_time,state_fail_rsu,0.0497874990105629,0.011968864391959006
0,deadline_norm_service_time,state_total_2,0.04258624091744423,0.010237689231910327
0,deadline_norm_service_time,state_deadline_miss_rate_1,0.034256692975759506,0.008235274333761007
0,deadline_norm_service_time,state_deadline_miss_rate_0,0.02968336082994938,0.0071358499127637766
0,deadline_norm_service_time,state_sent_edge,0.025764720514416695,0.006193812745411315
0,deadline_norm_service_time,num_devices,0.025075441226363182,0.006028110701909426
0,deadline_norm_service_time,state_failure_rate_1,0.022082924842834473,0.005308712790848021
0,deadline_norm_service_time,state_completed_2,0.020995300263166428,0.005047248942249271
0,deadline_norm_service_time,state_gsm_failure_rate,0.01892506331205368,0.004549566073667457
0,deadline_norm_service_time,state_completed_1,0.01783061772584915,0.004286462461998172
0,deadline_norm_service_time,state_fail_gsm,0.017467118799686432,0.004199077687901741
0,deadline_norm_service_time,state_fail_edge,0.011526568792760372,0.0027709754763111517
0,deadline_norm_service_time,state_sent_gsm,0.01138937659561634,0.0027379946109155344
0,deadline_norm_service_time,state_edge_failure_rate,0.010157783515751362,0.0024419208805228575
0,deadline_norm_service_time,candidate_w_load_1,0.008972389623522758,0.0021569533880980915
0,deadline_norm_service_time,state_mean_service_time_1,0.008447988890111446,0.002030887982323999
0,deadline_norm_service_time,state_failure_rate_0,0.008358517661690712,0.002009379189529997
0,deadline_norm_service_time,state_deadline_norm_service_time_2,0.006618219427764416,0.001591013254759696
0,deadline_norm_service_time,state_deadline_miss_rate_2,0.006416549906134605,0.0015425321057896235
0,deadline_norm_service_time,previous_w_load_0,0.005803199019283056,0.0013950831731196676
0,deadline_norm_service_time,previous_w_load_1,0.004276795778423548,0.0010281373782843378
0,deadline_norm_service_time,candidate_w_load_2,0.004043354652822018,0.0009720183678629024
0,deadline_norm_service_time,previous_threshold_0,0.0038795575965195894,0.0009326417212418318
0,deadline_norm_service_time,candidate_threshold_2,0.0033322458621114492,0.0008010685340072387
0,deadline_norm_service_time,state_rsu_failure_rate,0.0031497760210186243,0.0007572029688138759
0,deadline_norm_service_time,candidate_threshold_0,0.0030979455914348364,0.0007447429859789533
0,deadline_norm_service_time,previous_w_load_2,0.0028955782763659954,0.0006960940881720977
0,deadline_norm_service_time,previous_alpha,0.0028489758260548115,0.0006848909062651449
0,deadline_norm_service_time,candidate_threshold_1,0.0026420941576361656,0.0006351567624801826
0,deadline_norm_service_time,previous_threshold_2,0.002503646072000265,0.0006018739827617064
0,deadline_norm_service_time,state_avg_edge_cpu,0.0024662858340889215,0.0005928926193652978
0,deadline_norm_service_time,previous_threshold_1,0.0024118972942233086,0.0005798176694066733
0,deadline_norm_service_time,state_deadline_norm_service_time_1,0.0016672371421009302,0.0004008021222116357
1,failure_rate,state_failed_1,2.8793680667877197,0.5980294972619867
1,failure_rate,state_failed_2,0.7287341952323914,0.15135423270100987
1,failure_rate,state_failed_0,0.3441171944141388,0.07147131870649613
1,failure_rate,candidate_alpha,0.19058197736740112,0.03958286730580209
1,failure_rate,num_devices,0.0797605961561203,0.016565853379687974
1,failure_rate,state_lag_total_0,0.07603931427001953,0.01579296284124503
1,failure_rate,state_total_0,0.06572303175926208,0.013650325602649945
1,failure_rate,state_lag_total_1,0.05412989482283592,0.0112424924625419
1,failure_rate,state_sent_rsu,0.05100977420806885,0.010594459936180108
1,failure_rate,state_total_1,0.045479875057935715,0.00944592917111088
1,failure_rate,state_deadline_miss_rate_2,0.03586851805448532,0.0074497012268344275
1,failure_rate,previous_alpha,0.031020207330584526,0.006442732767946518
1,failure_rate,state_lag_total_2,0.02896665409207344,0.0060162206366935
1,failure_rate,state_mean_service_time_2,0.02395780198276043,0.0049759085823426735
1,failure_rate,state_sent_edge,0.02338571473956108,0.004857089091918102
1,failure_rate,state_deadline_miss_rate_1,0.020258022472262383,0.004207483973427794
1,failure_rate,state_completed_0,0.01694660075008869,0.003519719220259837
1,failure_rate,state_total_2,0.016328604891896248,0.003391364753650388
1,failure_rate,state_completed_1,0.01552116684615612,0.0032236641480439397
1,failure_rate,state_deadline_norm_service_time_2,0.012413956224918365,0.002578312958962035
1,failure_rate,state_fail_rsu,0.011194978840649128,0.002325137812409294
1,failure_rate,state_completed_2,0.00842591654509306,0.0017500182396115156
1,failure_rate,state_sent_gsm,0.007963737472891808,0.001654026094188482
1,failure_rate,state_fail_edge,0.005815002601593733,0.0012077452419231214
1,failure_rate,state_fail_gsm,0.0033543691970407963,0.0006966847162319709
1,failure_rate,state_failure_rate_2,0.0029248548671603203,0.0006074768647842744
1,failure_rate,candidate_threshold_1,0.0027872351929545403,0.0005788939873369818
1,failure_rate,previous_w_load_2,0.0024525942280888557,0.000509390831318045
1,failure_rate,state_failure_rate_1,0.0024204780347645283,0.0005027204680639497
1,failure_rate,state_deadline_norm_service_time_0,0.0023939376696944237,0.0004972081748065853
1,failure_rate,state_mean_service_time_1,0.0021520250011235476,0.00044696419480435364
1,failure_rate,state_deadline_miss_rate_0,0.0021410954650491476,0.00044469418804861014
1,failure_rate,previous_w_load_1,0.002068708650767803,0.0004296598301100074
1,failure_rate,state_failure_rate_0,0.0019958708435297012,0.00041453180332291344
1,failure_rate,candidate_w_load_0,0.00198267656378448,0.0004117914213016696
1,failure_rate,state_mean_service_time_0,0.0018061595037579536,0.00037512976283450637
1,failure_rate,state_gsm_failure_rate,0.0017551766941323876,0.00036454090329929756
1,failure_rate,candidate_threshold_0,0.0015233514131978154,0.0003163920202825498
1,failure_rate,candidate_w_load_2,0.0012587013188749552,0.0002614255973775389
1,failure_rate,state_rsu_failure_rate,0.0010753193637356162,0.00022333813655449567
1,failure_rate,state_edge_failure_rate,0.0010379813611507416,0.00021558323117363887
1,failure_rate,candidate_threshold_2,0.000984827522188425,0.00020454346034377008
1,failure_rate,previous_w_load_0,0.000971699773799628,0.00020181689653288063
1,failure_rate,state_avg_edge_cpu,0.0009160891058854759,0.00019026685534200027
1,failure_rate,previous_threshold_0,0.0008909196476452053,0.0001850392921723573
1,failure_rate,state_deadline_norm_service_time_1,0.0008493019267916679,0.0001763955119740873
1,failure_rate,previous_threshold_2,0.0007108954014256597,0.00014764920970827328
1,failure_rate,candidate_w_load_1,0.000669532164465636,0.00013905828446684424
1,failure_rate,previous_threshold_1,0.0006246680277399719,0.00012974024088616574
1,deadline_norm_service_time,state_mean_service_time_1,0.701941967010498,0.28396939002652877
1,deadline_norm_service_time,state_deadline_norm_service_time_1,0.46551093459129333,0.18832163107380057
1,deadline_norm_service_time,num_devices,0.3750218152999878,0.15171441677854028
1,deadline_norm_service_time,candidate_alpha,0.16177652776241302,0.06544641019962719
1,deadline_norm_service_time,state_gsm_failure_rate,0.07113476097583771,0.028777442628230048
1,deadline_norm_service_time,state_lag_total_1,0.06590457260608673,0.02666157910833337
1,deadline_norm_service_time,state_sent_edge,0.06006796285510063,0.02430038888363546
1,deadline_norm_service_time,state_total_1,0.05624169483780861,0.02275247887680696
1,deadline_norm_service_time,state_total_2,0.05395152047276497,0.021825992859358014
1,deadline_norm_service_time,state_total_0,0.05030537024140358,0.020350949186510776
1,deadline_norm_service_time,state_sent_gsm,0.04859447851777077,0.019658810944327313
1,deadline_norm_service_time,state_lag_total_2,0.03653097525238991,0.01477854188384812
1,deadline_norm_service_time,state_lag_total_0,0.03035411424934864,0.01227970361266943
1,deadline_norm_service_time,state_completed_0,0.029356244951486588,0.011876017340644824
1,deadline_norm_service_time,state_failed_2,0.0283932164311409,0.011486425843978226
1,deadline_norm_service_time,candidate_w_load_1,0.025605058297514915,0.010358481367492131
1,deadline_norm_service_time,state_fail_gsm,0.02010498009622097,0.008133434390216458
1,deadline_norm_service_time,state_deadline_norm_service_time_2,0.018670853227376938,0.007553260883992396
1,deadline_norm_service_time,state_fail_edge,0.01720346324145794,0.006959630842171256
1,deadline_norm_service_time,state_sent_rsu,0.014520353637635708,0.005874183563934471
1,deadline_norm_service_time,state_edge_failure_rate,0.013006354682147503,0.00526169794532726
1,deadline_norm_service_time,state_deadline_miss_rate_2,0.011919497512280941,0.004822011785960825
1,deadline_norm_service_time,state_completed_2,0.011687622405588627,0.004728207118759942
1,deadline_norm_service_time,state_fail_rsu,0.010628006421029568,0.004299541333069577
1,deadline_norm_service_time,state_failure_rate_1,0.009257957339286804,0.0037452903830860152
1,deadline_norm_service_time,previous_alpha,0.008267650380730629,0.003344663442146867
1,deadline_norm_service_time,state_failed_0,0.008044407702982426,0.003254351008915335
1,deadline_norm_service_time,state_mean_service_time_2,0.006970192305743694,0.00281977905646442
1,deadline_norm_service_time,state_failed_1,0.006881998386234045,0.002784100361210074
1,deadline_norm_service_time,state_deadline_miss_rate_0,0.006766817532479763,0.002737504149100634
1,deadline_norm_service_time,state_completed_1,0.005688430741429329,0.0023012446666088606
1,deadline_norm_service_time,state_deadline_norm_service_time_0,0.0049844179302453995,0.0020164375202087192
1,deadline_norm_service_time,previous_w_load_1,0.004506778437644243,0.001823209302291806
1,deadline_norm_service_time,state_deadline_miss_rate_1,0.004099840298295021,0.0016585831926695545
1,deadline_norm_service_time,state_mean_service_time_0,0.004029582720249891,0.0016301606128554624
1,deadline_norm_service_time,candidate_threshold_2,0.00277032726444304,0.0011207310296721248
1,deadline_norm_service_time,state_failure_rate_2,0.0027123577892780304,0.0010972795802982201
1,deadline_norm_service_time,candidate_w_load_2,0.002476259134709835,0.0010017662842214067
1,deadline_norm_service_time,state_failure_rate_0,0.0020493476185947657,0.0008290599801051238
1,deadline_norm_service_time,candidate_w_load_0,0.0019337318371981382,0.0007822878187817792
1,deadline_norm_service_time,state_avg_edge_cpu,0.0018664930248633027,0.0007550864753343288
1,deadline_norm_service_time,state_rsu_failure_rate,0.0018259267089888453,0.0007386754434885568
1,deadline_norm_service_time,candidate_threshold_0,0.0018031487707048655,0.0007294606685576444
1,deadline_norm_service_time,previous_threshold_0,0.0011751743732020259,0.0004754147288760079
1,deadline_norm_service_time,previous_threshold_1,0.0011549674673005939,0.00046724006058029204
1,deadline_norm_service_time,previous_threshold_2,0.0011534156510606408,0.0004666122760456681
1,deadline_norm_service_time,previous_w_load_2,0.0011067638406530023,0.00044773936807364443
1,deadline_norm_service_time,previous_w_load_0,0.0009754469501785934,0.00039461535064665864
1,deadline_norm_service_time,candidate_threshold_1,0.0009592892020009458,0.0003880787619971012
2,failure_rate,state_failed_1,2.206414222717285,0.5512978637723763
2,failure_rate,state_failed_2,0.5731349587440491,0.14320433359957963
2,failure_rate,state_failed_0,0.45550107955932617,0.11381216161569502
2,failure_rate,candidate_alpha,0.17943799495697021,0.04483463815672273
2,failure_rate,num_devices,0.08924519270658493,0.022298933529580758
2,failure_rate,state_total_0,0.08727342635393143,0.02180626512358335
2,failure_rate,state_lag_total_0,0.05615656077861786,0.014031359875811729
2,failure_rate,state_lag_total_1,0.04974454268813133,0.012429243718582809
2,failure_rate,state_deadline_norm_service_time_2,0.03859418258070946,0.009643198539838482
2,failure_rate,state_sent_rsu,0.03200582042336464,0.007997020797823282
2,failure_rate,state_total_1,0.03123605065047741,0.007804685003836853
2,failure_rate,state_lag_total_2,0.024642998352646828,0.006157335376504757
2,failure_rate,state_total_2,0.01900889351963997,0.00474958975615562
2,failure_rate,previous_alpha,0.017325086519122124,0.004328871292309222
2,failure_rate,state_deadline_miss_rate_2,0.01711399294435978,0.004276127144984413
2,failure_rate,state_completed_0,0.015441594645380974,0.0038582592758822525
2,failure_rate,state_mean_service_time_2,0.014854745008051395,0.003711628172762843
2,failure_rate,state_sent_edge,0.014565768651664257,0.003639424120451779
2,failure_rate,state_deadline_miss_rate_1,0.012729243375360966,0.0031805472463065977
2,failure_rate,state_completed_1,0.011678976938128471,0.0029181261481843125
2,failure_rate,state_completed_2,0.011205246672034264,0.0027997592155326457
2,failure_rate,state_sent_gsm,0.006311680655926466,0.001577045700031977
2,failure_rate,state_failure_rate_2,0.006027510855346918,0.0015060426207392813
2,failure_rate,state_fail_gsm,0.0036569288931787014,0.00091372556703974
2,failure_rate,state_fail_edge,0.003323315642774105,0.0008303684755287418
2,failure_rate,state_failure_rate_0,0.001966591691598296,0.0004913754576669821
2,failure_rate,state_mean_service_time_1,0.0019534765742719173,0.0004880984953945706
2,failure_rate,candidate_threshold_1,0.0018796160584315658,0.0004696435995818685
2,failure_rate,state_fail_rsu,0.0017091688932850957,0.0004270554232259428
2,failure_rate,state_gsm_failure_rate,0.0016504849772900343,0.00041239257470331513
2,failure_rate,previous_w_load_2,0.0013645438011735678,0.0003409468969450243
2,failure_rate,state_rsu_failure_rate,0.001299977651797235,0.0003248143050424288
2,failure_rate,state_deadline_miss_rate_0,0.0012553597334772348,0.00031366600713783437
2,failure_rate,state_edge_failure_rate,0.0012193269794806838,0.0003046628108659803
2,failure_rate,state_mean_service_time_0,0.0011625047773122787,0.0002904651328652898
2,failure_rate,previous_threshold_1,0.0011326861567795277,0.0002830146090102996
2,failure_rate,candidate_w_load_0,0.001020945725031197,0.0002550949823664901
2,failure_rate,state_failure_rate_1,0.0008823414682410657,0.00022046312136259728
2,failure_rate,previous_w_load_0,0.0008143819286487997,0.0002034826520497999
2,failure_rate,state_deadline_norm_service_time_0,0.0007995374035090208,0.00019977357742817387
2,failure_rate,state_avg_edge_cpu,0.0007880802149884403,0.00019691086765627317
2,failure_rate,candidate_w_load_2,0.000731342937797308,0.00018273440913380639
2,failure_rate,candidate_w_load_1,0.0006611156277358532,0.0001651873113963381
2,failure_rate,candidate_threshold_2,0.0006344538414850831,0.00015852555874215906
2,failure_rate,state_deadline_norm_service_time_1,0.0006230880971997976,0.00015568569735976447
2,failure_rate,candidate_threshold_0,0.0005634950939565897,0.00014079570297634335
2,failure_rate,previous_threshold_2,0.0005488687311299145,0.0001371411387072755
2,failure_rate,previous_w_load_1,0.0005045246798545122,0.00012606126962039351
2,failure_rate,previous_threshold_0,0.0004220521077513695,0.00010545455291591109
2,deadline_norm_service_time,state_deadline_norm_service_time_2,2.2461681365966797,0.2804174505866014
2,deadline_norm_service_time,state_mean_service_time_2,1.9548105001449585,0.24404360826751242
2,deadline_norm_service_time,num_devices,1.4537053108215332,0.1814843379367079
2,deadline_norm_service_time,state_deadline_miss_rate_1,0.6061909198760986,0.07567844523783528
2,deadline_norm_service_time,state_gsm_failure_rate,0.4012267291545868,0.050090184551902235
2,deadline_norm_service_time,candidate_alpha,0.25703224539756775,0.03208857155374991
2,deadline_norm_service_time,state_fail_gsm,0.2430562973022461,0.030343777978163507
2,deadline_norm_service_time,state_total_1,0.1227150708436966,0.015320067431230983
2,deadline_norm_service_time,state_sent_gsm,0.07886705547571182,0.009845967570922874
2,deadline_norm_service_time,state_completed_1,0.07310932129621506,0.00912715711614714
2,deadline_norm_service_time,state_deadline_miss_rate_2,0.069582000374794,0.008686797232098408
2,deadline_norm_service_time,state_lag_total_1,0.062315911054611206,0.007779679813013565
2,deadline_norm_service_time,state_total_0,0.050440773367881775,0.006297156852589489
2,deadline_norm_service_time,state_total_2,0.04312045872211456,0.005383269803346572
2,deadline_norm_service_time,state_lag_total_0,0.041306689381599426,0.005156834138922079
2,deadline_norm_service_time,state_completed_2,0.03781971335411072,0.0047215110159761165
2,deadline_norm_service_time,state_lag_total_2,0.03636858984827995,0.004540348997264594
2,deadline_norm_service_time,state_deadline_norm_service_time_0,0.02980538085103035,0.0037209809790429704
2,deadline_norm_service_time,state_sent_edge,0.024323999881744385,0.0030366711751339853
2,deadline_norm_service_time,state_mean_service_time_1,0.019579017534852028,0.0024442952834476095
2,deadline_norm_service_time,state_deadline_norm_service_time_1,0.01694856770336628,0.002115903110295865
2,deadline_norm_service_time,state_failed_1,0.012272562831640244,0.0015321385453480774
2,deadline_norm_service_time,state_failed_2,0.010496563278138638,0.0013104181590058296
2,deadline_norm_service_time,state_fail_rsu,0.009607380256056786,0.001199410246421477
2,deadline_norm_service_time,candidate_w_load_2,0.009586417116224766,0.0011967931537238252
2,deadline_norm_service_time,previous_alpha,0.00958352629095316,0.0011964322556060273
2,deadline_norm_service_time,state_completed_0,0.008900279179215431,0.0011111339157032763
2,deadline_norm_service_time,state_failed_0,0.0076253716833889484,0.0009519711603028314
2,deadline_norm_service_time,state_sent_rsu,0.007523283828049898,0.0009392262479057544
2,deadline_norm_service_time,state_deadline_miss_rate_0,0.0075188567861914635,0.0009386735645285148
2,deadline_norm_service_time,state_fail_edge,0.006201578304171562,0.0007742211054172866
2,deadline_norm_service_time,state_mean_service_time_0,0.005615868140012026,0.000701099530794145
2,deadline_norm_service_time,state_failure_rate_2,0.005249683279544115,0.0006553840639318085
2,deadline_norm_service_time,state_failure_rate_1,0.004710628651082516,0.0005880870872819916
2,deadline_norm_service_time,previous_w_load_2,0.004605898633599281,0.000575012320516296
2,deadline_norm_service_time,candidate_w_load_1,0.004492209292948246,0.0005608190486303635
2,deadline_norm_service_time,state_failure_rate_0,0.004137982148677111,0.0005165964140436278
2,deadline_norm_service_time,state_edge_failure_rate,0.00352375116199255,0.0004399142260314911
2,deadline_norm_service_time,candidate_threshold_1,0.0026710196398198605,0.00033345701315124545
2,deadline_norm_service_time,candidate_threshold_2,0.002514473395422101,0.0003139133743480346
2,deadline_norm_service_time,candidate_w_load_0,0.0021119499579072,0.00026366130536431743
2,deadline_norm_service_time,previous_w_load_1,0.002002001041546464,0.0002499349977392115
2,deadline_norm_service_time,state_rsu_failure_rate,0.0018496132688596845,0.000230910513320096
2,deadline_norm_service_time,candidate_threshold_0,0.001624763011932373,0.0002028396245989902
2,deadline_norm_service_time,previous_threshold_1,0.001586209167726338,0.00019802646278513323
2,deadline_norm_service_time,state_avg_edge_cpu,0.0015052127419039607,0.00018791465910237266
2,deadline_norm_service_time,previous_threshold_2,0.0014579144772142172,0.0001820098211762305
2,deadline_norm_service_time,previous_w_load_0,0.0013238663086667657,0.00016527490046061848
2,deadline_norm_service_time,previous_threshold_0,0.0012953083496540785,0.00016170965085627315
