vehicles,app,baseline,metric,n_pairs,n_nonzero,scope_mean,scope_sd,baseline_mean,baseline_sd,mean_improvement,ci95_low,ci95_high,rank_biserial,wilcoxon_W,p_raw,p_holm,significant_holm_005
100,ALL_APPS,EXP3_MC,failure_rate_pct,10,0,0.07041081267920213,0.00944150367283056,0.07041081267920213,0.00944150367283056,0.0,0.0,0.0,0.0,0.0,1.0,1.0,False
100,ALL_APPS,EXP3_MC,service_time_s,10,0,0.7990400638608144,0.04505467983940946,0.7990400638608144,0.04505467983940946,0.0,0.0,0.0,0.0,0.0,1.0,1.0,False
100,ALL_APPS,RAIDER_TRAX,failure_rate_pct,10,6,0.07041081267920213,0.00944150367283056,0.07083952769808802,0.01000894156697285,0.0004287150188858703,-0.0006629820367084552,0.001521521167648539,0.23809523809523808,8.0,0.6875,1.0,False
100,ALL_APPS,RAIDER_TRAX,service_time_s,10,10,0.7990400638608144,0.04505467983940946,0.79898544410146,0.045057628855553984,-5.461975935434626e-05,-6.26214963371502e-05,-4.560967738099081e-05,-1.0,0.0,0.001953125,0.2109375,False
100,ALL_APPS,RANDOM,failure_rate_pct,10,10,0.07041081267920213,0.00944150367283056,0.044859409320006344,0.010961176432330869,-0.025551403359195802,-0.031537764200200054,-0.019280744527865747,-1.0,0.0,0.001953125,0.2109375,False
100,ALL_APPS,RANDOM,service_time_s,10,10,0.7990400638608144,0.04505467983940946,0.3599496223683623,0.019584943021008824,-0.43909044149245213,-0.45457259001450667,-0.4243847992640874,-1.0,0.0,0.001953125,0.2109375,False
200,ALL_APPS,EXP3_MC,failure_rate_pct,10,0,0.0761586472321029,0.009049515967629118,0.0761586472321029,0.009049515967629118,0.0,0.0,0.0,0.0,0.0,1.0,1.0,False
200,ALL_APPS,EXP3_MC,service_time_s,10,0,0.8176346025062099,0.03519559621836171,0.8176346025062099,0.03519559621836171,0.0,0.0,0.0,0.0,0.0,1.0,1.0,False
200,ALL_APPS,RAIDER_TRAX,failure_rate_pct,10,10,0.0761586472321029,0.009049515967629118,0.07560077308890585,0.008432583991861774,-0.0005578741431970472,-0.0018326083562988334,0.001050426326328515,-0.34545454545454546,18.0,0.375,1.0,False
200,ALL_APPS,RAIDER_TRAX,service_time_s,10,10,0.8176346025062099,0.03519559621836171,0.8177343810830596,0.0352527888869149,9.977857684968505e-05,1.9422130749036094e-05,0.00019784811295862296,0.6727272727272727,9.0,0.064453125,1.0,False
200,ALL_APPS,RANDOM,failure_rate_pct,10,10,0.0761586472321029,0.009049515967629118,0.04600875069006177,0.003226699113844473,-0.030149896542041123,-0.03524623843734927,-0.024980921637075815,-1.0,0.0,0.001953125,0.2109375,False
200,ALL_APPS,RANDOM,service_time_s,10,10,0.8176346025062099,0.03519559621836171,0.36804000369235,0.01545335541431058,-0.44959459881385977,-0.4617720541663628,-0.43861446856760666,-1.0,0.0,0.001953125,0.2109375,False
300,ALL_APPS,EXP3_MC,failure_rate_pct,10,0,0.08007558914216634,0.0057608299962846705,0.08007558914216634,0.0057608299962846705,0.0,0.0,0.0,0.0,0.0,1.0,1.0,False
300,ALL_APPS,EXP3_MC,service_time_s,10,0,0.7645475187664019,0.024516918795924957,0.7645475187664019,0.024516918795924957,0.0,0.0,0.0,0.0,0.0,1.0,1.0,False
300,ALL_APPS,RAIDER_TRAX,failure_rate_pct,10,10,0.08007558914216634,0.0057608299962846705,0.08197201719526945,0.0057256808983011396,0.0018964280531031039,-0.00013573737819990808,0.003967563434087783,0.5636363636363636,12.0,0.130859375,1.0,False
300,ALL_APPS,RAIDER_TRAX,service_time_s,10,10,0.7645475187664019,0.024516918795924957,0.7654973955466431,0.024574542411879254,0.0009498767802411323,0.0006781341826549028,0.0012527358277225741,1.0,0.0,0.001953125,0.2109375,False
300,ALL_APPS,RANDOM,failure_rate_pct,10,10,0.08007558914216634,0.0057608299962846705,0.04390776056090938,0.006432757309301492,-0.036167828581256965,-0.04064391164761217,-0.0320047428666616,-1.0,0.0,0.001953125,0.2109375,False
300,ALL_APPS,RANDOM,service_time_s,10,10,0.7645475187664019,0.024516918795924957,0.36222277224761623,0.01306341314011397,-0.4023247465187856,-0.4091702819425743,-0.3956115848455464,-1.0,0.0,0.001953125,0.2109375,False
400,ALL_APPS,EXP3_MC,failure_rate_pct,10,0,0.09959508174799717,0.010784918454251332,0.09959508174799717,0.010784918454251332,0.0,0.0,0.0,0.0,0.0,1.0,1.0,False
400,ALL_APPS,EXP3_MC,service_time_s,10,0,0.7022405641370048,0.018482888547398383,0.7022405641370048,0.018482888547398383,0.0,0.0,0.0,0.0,0.0,1.0,1.0,False
400,ALL_APPS,RAIDER_TRAX,failure_rate_pct,10,10,0.09959508174799717,0.010784918454251332,0.11118649211629306,0.01139616768560484,0.011591410368295888,0.008143967763908383,0.015592658444027564,1.0,0.0,0.001953125,0.2109375,False
400,ALL_APPS,RAIDER_TRAX,service_time_s,10,10,0.7022405641370048,0.018482888547398383,0.7036216662217878,0.01822218816375446,0.0013811020847830369,0.0007874351106245309,0.001960545178947717,0.8909090909090909,3.0,0.009765625,0.33203125,False
400,ALL_APPS,RANDOM,failure_rate_pct,10,10,0.09959508174799717,0.010784918454251332,0.048710542979077,0.005224540645976384,-0.05088453876892017,-0.05534459804594359,-0.0465241624062497,-1.0,0.0,0.001953125,0.2109375,False
400,ALL_APPS,RANDOM,service_time_s,10,10,0.7022405641370048,0.018482888547398383,0.3670860215119128,0.011481275236526933,-0.335154542625092,-0.3394432100462107,-0.3309984468529016,-1.0,0.0,0.001953125,0.2109375,False
500,ALL_APPS,EXP3_MC,failure_rate_pct,10,0,0.13483660295731728,0.009681998111956285,0.13483660295731728,0.009681998111956285,0.0,0.0,0.0,0.0,0.0,1.0,1.0,False
500,ALL_APPS,EXP3_MC,service_time_s,10,0,0.6488724285784088,0.015373195239007818,0.6488724285784088,0.015373195239007818,0.0,0.0,0.0,0.0,0.0,1.0,1.0,False
500,ALL_APPS,RAIDER_TRAX,failure_rate_pct,10,10,0.13483660295731728,0.009681998111956285,0.14623758254661687,0.014079180491215176,0.011400979589299615,0.007157013046125065,0.015895635254882464,0.9636363636363636,1.0,0.00390625,0.2109375,False
500,ALL_APPS,RAIDER_TRAX,service_time_s,10,10,0.6488724285784088,0.015373195239007818,0.6497455965875671,0.014956618320134767,0.0008731680091584205,0.0004390616349761345,0.0012708180859972477,0.7818181818181819,6.0,0.02734375,0.875,False
500,ALL_APPS,RANDOM,failure_rate_pct,10,10,0.13483660295731728,0.009681998111956285,0.04673566514090656,0.003771352795607954,-0.08810093781641072,-0.09310995289684086,-0.08322045404095169,-1.0,0.0,0.001953125,0.2109375,False
500,ALL_APPS,RANDOM,service_time_s,10,10,0.6488724285784088,0.015373195239007818,0.3681272663431684,0.010326748742888548,-0.28074516223524043,-0.2837939546489447,-0.27774468193994506,-1.0,0.0,0.001953125,0.2109375,False
600,ALL_APPS,EXP3_MC,failure_rate_pct,10,0,0.178447295657507,0.013756332415641493,0.178447295657507,0.013756332415641493,0.0,0.0,0.0,0.0,0.0,1.0,1.0,False
600,ALL_APPS,EXP3_MC,service_time_s,10,0,0.6131621342445219,0.012357540126602295,0.6131621342445219,0.012357540126602295,0.0,0.0,0.0,0.0,0.0,1.0,1.0,False
600,ALL_APPS,RAIDER_TRAX,failure_rate_pct,10,10,0.178447295657507,0.013756332415641493,0.19702930598739765,0.014919634860495119,0.018582010329890646,0.013298980094937905,0.024358386093022554,1.0,0.0,0.001953125,0.2109375,False
600,ALL_APPS,RAIDER_TRAX,service_time_s,10,10,0.6131621342445219,0.012357540126602295,0.6131374405485319,0.012120320292532353,-2.4693695990063436e-05,-0.0004968718808575104,0.0003688908872758696,0.09090909090909091,25.0,0.845703125,1.0,False
600,ALL_APPS,RANDOM,failure_rate_pct,10,10,0.178447295657507,0.013756332415641493,0.04979579435303792,0.005842439503019771,-0.1286515013044691,-0.13920129416491853,-0.1187877988432322,-1.0,0.0,0.001953125,0.2109375,False
600,ALL_APPS,RANDOM,service_time_s,10,10,0.6131621342445219,0.012357540126602295,0.37129875101872484,0.009409477529062914,-0.24186338322579712,-0.24383189370634958,-0.24012585280266255,-1.0,0.0,0.001953125,0.2109375,False
700,ALL_APPS,EXP3_MC,failure_rate_pct,10,0,0.2336916018820136,0.016153595698524335,0.2336916018820136,0.016153595698524335,0.0,0.0,0.0,0.0,0.0,1.0,1.0,False
700,ALL_APPS,EXP3_MC,service_time_s,10,0,0.5881561057831061,0.008975129804118541,0.5881561057831061,0.008975129804118541,0.0,0.0,0.0,0.0,0.0,1.0,1.0,False
700,ALL_APPS,RAIDER_TRAX,failure_rate_pct,10,10,0.2336916018820136,0.016153595698524335,0.2602789263005422,0.015480530123485327,0.026587324418528624,0.021020726618860758,0.03252951822188152,1.0,0.0,0.001953125,0.2109375,False
700,ALL_APPS,RAIDER_TRAX,service_time_s,10,10,0.5881561057831061,0.008975129804118541,0.5873063060223676,0.008363885120648742,-0.0008497997607384234,-0.0015687762584548032,-0.00018345146945036506,-0.7090909090909091,8.0,0.048828125,1.0,False
700,ALL_APPS,RANDOM,failure_rate_pct,10,10,0.2336916018820136,0.016153595698524335,0.07144306569780695,0.009554043517017895,-0.16224853618420665,-0.17376514698779066,-0.14984398169591645,-1.0,0.0,0.001953125,0.2109375,False
700,ALL_APPS,RANDOM,service_time_s,10,10,0.5881561057831061,0.008975129804118541,0.3768469506157782,0.007788493531093882,-0.2113091551673278,-0.21229816990890277,-0.2103649957052893,-1.0,0.0,0.001953125,0.2109375,False
800,ALL_APPS,EXP3_MC,failure_rate_pct,10,0,0.29161749485671595,0.014912932587816428,0.29161749485671595,0.014912932587816428,0.0,0.0,0.0,0.0,0.0,1.0,1.0,False
800,ALL_APPS,EXP3_MC,service_time_s,10,0,0.5670201874403098,0.007892393417363927,0.5670201874403098,0.007892393417363927,0.0,0.0,0.0,0.0,0.0,1.0,1.0,False
800,ALL_APPS,RAIDER_TRAX,failure_rate_pct,10,10,0.29161749485671595,0.014912932587816428,0.3134999530494442,0.015718404507094202,0.021882458192728264,0.016210836619377153,0.027497835929211657,1.0,0.0,0.001953125,0.2109375,False
800,ALL_APPS,RAIDER_TRAX,service_time_s,10,10,0.5670201874403098,0.007892393417363927,0.5653576527329732,0.00724251102938069,-0.0016625347073364715,-0.0023698334383831007,-0.0009300124450334124,-0.9636363636363636,1.0,0.00390625,0.2109375,False
800,ALL_APPS,RANDOM,failure_rate_pct,10,10,0.29161749485671595,0.014912932587816428,0.22554838663760748,0.041859691836492637,-0.06606910821910845,-0.09211039273632744,-0.0399373333356432,-0.9636363636363636,1.0,0.00390625,0.2109375,False
800,ALL_APPS,RANDOM,service_time_s,10,10,0.5670201874403098,0.007892393417363927,0.3846230041089746,0.008432853479365388,-0.18239718333133506,-0.18318107228899558,-0.18159222384835622,-1.0,0.0,0.001953125,0.2109375,False
900,ALL_APPS,EXP3_MC,failure_rate_pct,10,0,0.35033762983974076,0.011114151932923684,0.35033762983974076,0.011114151932923684,0.0,0.0,0.0,0.0,0.0,1.0,1.0,False
900,ALL_APPS,EXP3_MC,service_time_s,10,0,0.5482912442268308,0.0062573095499289435,0.5482912442268308,0.0062573095499289435,0.0,0.0,0.0,0.0,0.0,1.0,1.0,False
900,ALL_APPS,RAIDER_TRAX,failure_rate_pct,10,10,0.35033762983974076,0.011114151932923684,0.3817255112306663,0.014490222718234906,0.03138788139092556,0.025486150539726454,0.03710350671166417,1.0,0.0,0.001953125,0.2109375,False
900,ALL_APPS,RAIDER_TRAX,service_time_s,10,10,0.5482912442268308,0.0062573095499289435,0.5463545216853649,0.0062470268307236445,-0.0019367225414659516,-0.002515770880847634,-0.0013211698697538049,-1.0,0.0,0.001953125,0.2109375,False
900,ALL_APPS,RANDOM,failure_rate_pct,10,10,0.35033762983974076,0.011114151932923684,0.98496537652805,0.051814938849245325,0.6346277466883092,0.6025968913292458,0.6715680569256016,1.0,0.0,0.001953125,0.2109375,False
900,ALL_APPS,RANDOM,service_time_s,10,10,0.5482912442268308,0.0062573095499289435,0.39785609874346817,0.007119586006760451,-0.15043514548336265,-0.1514163481534758,-0.1495133908100448,-1.0,0.0,0.001953125,0.2109375,False
1000,ALL_APPS,EXP3_MC,failure_rate_pct,10,0,0.46852654795891774,0.023643528515205885,0.46852654795891774,0.023643528515205885,0.0,0.0,0.0,0.0,0.0,1.0,1.0,False
1000,ALL_APPS,EXP3_MC,service_time_s,10,0,0.5354033449638576,0.00653993924621296,0.5354033449638576,0.00653993924621296,0.0,0.0,0.0,0.0,0.0,1.0,1.0,False
1000,ALL_APPS,RAIDER_TRAX,failure_rate_pct,10,10,0.46852654795891774,0.023643528515205885,0.4940117075455369,0.0280379850344386,0.025485159586619233,0.011236145385481112,0.03769205929905893,0.8181818181818182,5.0,0.01953125,0.64453125,False
1000,ALL_APPS,RAIDER_TRAX,service_time_s,10,10,0.5354033449638576,0.00653993924621296,0.5327245897752989,0.006689376757485094,-0.002678755188558657,-0.0033652282257160856,-0.0019146301066393146,-1.0,0.0,0.001953125,0.2109375,False
1000,ALL_APPS,RANDOM,failure_rate_pct,10,10,0.46852654795891774,0.023643528515205885,3.6492339661061637,0.16690227914076242,3.1807074181472466,3.074223045098229,3.2768741008569724,1.0,0.0,0.001953125,0.2109375,False
1000,ALL_APPS,RANDOM,service_time_s,10,10,0.5354033449638576,0.00653993924621296,0.4234964611961233,0.007914575526176007,-0.11190688376773428,-0.11317244412877886,-0.1106691766415381,-1.0,0.0,0.001953125,0.2109375,False
1100,ALL_APPS,EXP3_MC,failure_rate_pct,10,0,0.749163447048436,0.05593773023690688,0.749163447048436,0.05593773023690688,0.0,0.0,0.0,0.0,0.0,1.0,1.0,False
1100,ALL_APPS,EXP3_MC,service_time_s,10,0,0.5277881321129511,0.00641360238143168,0.5277881321129511,0.00641360238143168,0.0,0.0,0.0,0.0,0.0,1.0,1.0,False
1100,ALL_APPS,RAIDER_TRAX,failure_rate_pct,10,10,0.749163447048436,0.05593773023690688,0.7992717543739732,0.03696753660266565,0.050108307325537206,0.02958330850996354,0.06904518550594947,0.9272727272727272,2.0,0.005859375,0.2109375,False
1100,ALL_APPS,RAIDER_TRAX,service_time_s,10,10,0.5277881321129511,0.00641360238143168,0.5254057886457639,0.006600136380588648,-0.0023823434671871426,-0.002721158500151889,-0.0019938129816313268,-1.0,0.0,0.001953125,0.2109375,False
1100,ALL_APPS,RANDOM,failure_rate_pct,10,10,0.749163447048436,0.05593773023690688,9.135735969661274,0.4653146004573061,8.38657252261284,8.102120594294382,8.659761053015888,1.0,0.0,0.001953125,0.2109375,False
1100,ALL_APPS,RANDOM,service_time_s,10,10,0.5277881321129511,0.00641360238143168,0.45809309095919704,0.007010180043251472,-0.06969504115375409,-0.0714396971258635,-0.06807141148333136,-1.0,0.0,0.001953125,0.2109375,False
1200,ALL_APPS,EXP3_MC,failure_rate_pct,10,10,0.5017090831584683,0.10511924276642126,1.7395861990555477,0.08538638702963296,1.2378771158970792,1.1509981887237075,1.3194117969939003,1.0,0.0,0.001953125,0.2109375,False
1200,ALL_APPS,EXP3_MC,service_time_s,10,10,0.5130770965736555,0.00870024112733508,0.5316187147730312,0.008079611479353585,0.01854161819937574,0.017231128498917583,0.01967245581661875,1.0,0.0,0.001953125,0.2109375,False
1200,ALL_APPS,RAIDER_TRAX,failure_rate_pct,10,10,0.5017090831584683,0.10511924276642126,1.7940936304038086,0.07720231401182531,1.2923845472453404,1.2222690875022966,1.3501319117481239,1.0,0.0,0.001953125,0.2109375,False
1200,ALL_APPS,RAIDER_TRAX,service_time_s,10,10,0.5130770965736555,0.00870024112733508,0.528674508082395,0.0081394163069925,0.015597411508739455,0.014098230719266937,0.016929437818254855,1.0,0.0,0.001953125,0.2109375,False
1200,ALL_APPS,RANDOM,failure_rate_pct,10,10,0.5017090831584683,0.10511924276642126,15.671465423763957,0.5951445949793319,15.169756340605488,14.768178735670656,15.568771627148914,1.0,0.0,0.001953125,0.2109375,False
1200,ALL_APPS,RANDOM,service_time_s,10,10,0.5130770965736555,0.00870024112733508,0.49161546661609823,0.010675835324609763,-0.021461629957557356,-0.02490235603088415,-0.018221801826755833,-1.0,0.0,0.001953125,0.2109375,False
1300,ALL_APPS,EXP3_MC,failure_rate_pct,10,10,0.5873739664186481,0.03119199536446083,4.428520229179211,0.234760233122431,3.841146262760563,3.6908847224748143,3.9821883650566305,1.0,0.0,0.001953125,0.2109375,False
1300,ALL_APPS,EXP3_MC,service_time_s,10,10,0.5083233189402391,0.006724243983063217,0.5480540306071402,0.006668791831337468,0.03973071166690119,0.03829159393504163,0.041213762013806506,1.0,0.0,0.001953125,0.2109375,False
1300,ALL_APPS,RAIDER_TRAX,failure_rate_pct,10,10,0.5873739664186481,0.03119199536446083,4.431479997377044,0.12751309216134712,3.8441060309583945,3.7597996247219925,3.9190781220806112,1.0,0.0,0.001953125,0.2109375,False
1300,ALL_APPS,RAIDER_TRAX,service_time_s,10,10,0.5083233189402391,0.006724243983063217,0.5437983568414941,0.006086387267911303,0.035475037901255,0.03421964246353955,0.03653387469756221,1.0,0.0,0.001953125,0.2109375,False
1300,ALL_APPS,RANDOM,failure_rate_pct,10,10,0.5873739664186481,0.03119199536446083,21.43358803244887,0.8793979692809661,20.84621406603022,20.32533899781337,21.376410132025036,1.0,0.0,0.001953125,0.2109375,False
1300,ALL_APPS,RANDOM,service_time_s,10,10,0.5083233189402391,0.006724243983063217,0.5100142484502019,0.008926856086620366,0.0016909295099627798,-0.0003324404327419317,0.003747012029870747,0.45454545454545453,15.0,0.232421875,1.0,False
1400,ALL_APPS,EXP3_MC,failure_rate_pct,10,10,0.9502880431097488,0.05510428500654652,9.087381528462638,0.38994009863382184,8.137093485352887,7.878804117415287,8.37570076487297,1.0,0.0,0.001953125,0.2109375,False
1400,ALL_APPS,EXP3_MC,service_time_s,10,10,0.5099546375060311,0.005606605262189937,0.5740322772353463,0.004505350295115356,0.06407763972931527,0.06266623780823796,0.06529501608523776,1.0,0.0,0.001953125,0.2109375,False
1400,ALL_APPS,RAIDER_TRAX,failure_rate_pct,10,10,0.9502880431097488,0.05510428500654652,9.09520705514667,0.31863433446350486,8.144919012036919,7.944683078320351,8.340031156571674,1.0,0.0,0.001953125,0.2109375,False
1400,ALL_APPS,RAIDER_TRAX,service_time_s,10,10,0.5099546375060311,0.005606605262189937,0.5699750784678421,0.004813434838406458,0.06002044096181108,0.058691517146625474,0.06137469643438413,1.0,0.0,0.001953125,0.2109375,False
1400,ALL_APPS,RANDOM,failure_rate_pct,10,10,0.9502880431097488,0.05510428500654652,27.160183585642606,1.0565142290417096,26.20989554253286,25.537547520944155,26.833132358261164,1.0,0.0,0.001953125,0.2109375,False
1400,ALL_APPS,RANDOM,service_time_s,10,10,0.5099546375060311,0.005606605262189937,0.5204371934057181,0.008696244765607439,0.010482555899687052,0.008404069624985246,0.01244940115522948,1.0,0.0,0.001953125,0.2109375,False
1500,ALL_APPS,EXP3_MC,failure_rate_pct,10,10,1.797573524527071,0.06341505250749538,18.683213631604737,3.296589231909631,16.885640107077666,15.060930431766112,18.933275163348593,1.0,0.0,0.001953125,0.2109375,False
1500,ALL_APPS,EXP3_MC,service_time_s,10,10,0.5165423585748029,0.004946974873041231,0.6066127804636214,0.009033174898961823,0.09007042188881863,0.08494220878543098,0.09638531793943923,1.0,0.0,0.001953125,0.2109375,False
1500,ALL_APPS,RAIDER_TRAX,failure_rate_pct,10,10,1.797573524527071,0.06341505250749538,14.23032961883563,0.5562337298871494,12.432756094308557,12.088167266040443,12.73428442354021,1.0,0.0,0.001953125,0.2109375,False
1500,ALL_APPS,RAIDER_TRAX,service_time_s,10,10,0.5165423585748029,0.004946974873041231,0.5922282178307606,0.004355802289105674,0.07568585925595765,0.0743491465175808,0.07677433113576812,1.0,0.0,0.001953125,0.2109375,False
1500,ALL_APPS,RANDOM,failure_rate_pct,10,10,1.797573524527071,0.06341505250749538,31.531542801406793,0.7199120660388569,29.73396927687972,29.28078503238167,30.11814322476686,1.0,0.0,0.001953125,0.2109375,False
1500,ALL_APPS,RANDOM,service_time_s,10,10,0.5165423585748029,0.004946974873041231,0.5176977779227493,0.010503902037196667,0.0011554193479463293,-0.0023690532013108225,0.005062232009924083,0.12727272727272726,24.0,0.76953125,1.0,False
1600,ALL_APPS,EXP3_MC,failure_rate_pct,10,10,3.720918800438715,0.16569148854505672,30.163151318469794,3.4887971255709824,26.44223251803108,24.331783172887675,28.39876107378369,1.0,0.0,0.001953125,0.2109375,False
1600,ALL_APPS,EXP3_MC,service_time_s,10,10,0.532710919341131,0.004203751756988792,0.6341796358434527,0.012465965357356463,0.10146871650232163,0.09540676303605146,0.10958891230075014,1.0,0.0,0.001953125,0.2109375,False
1600,ALL_APPS,RAIDER_TRAX,failure_rate_pct,10,10,3.720918800438715,0.16569148854505672,19.64834964818514,0.6208355639302225,15.927430847746422,15.633047852540466,16.214628238828986,1.0,0.0,0.001953125,0.2109375,False
1600,ALL_APPS,RAIDER_TRAX,service_time_s,10,10,0.532710919341131,0.004203751756988792,0.6088891515621827,0.004909031781963986,0.07617823222105159,0.07500724852093607,0.07753979445332806,1.0,0.0,0.001953125,0.2109375,False
1600,ALL_APPS,RANDOM,failure_rate_pct,10,10,3.720918800438715,0.16569148854505672,33.59288671828948,0.24085822418445835,29.87196791785076,29.802602731733383,29.940527378367314,1.0,0.0,0.001953125,0.2109375,False
1600,ALL_APPS,RANDOM,service_time_s,10,10,0.532710919341131,0.004203751756988792,0.5136665468232342,0.009146687248795807,-0.019044372517896924,-0.022580085480501732,-0.015465538108812321,-1.0,0.0,0.001953125,0.2109375,False
1700,ALL_APPS,EXP3_MC,failure_rate_pct,10,10,7.422171520898502,0.32905568701268145,35.86094039252105,4.224235287295309,28.43876887162255,25.881909048772897,30.855944726953602,1.0,0.0,0.001953125,0.2109375,False
1700,ALL_APPS,EXP3_MC,service_time_s,10,10,0.5590509833781047,0.005189437308515223,0.6437558621599853,0.018771010394312622,0.08470487878188063,0.07360492192331809,0.09731443181654124,1.0,0.0,0.001953125,0.2109375,False
1700,ALL_APPS,RAIDER_TRAX,failure_rate_pct,10,10,7.422171520898502,0.32905568701268145,24.84258741003226,0.8188879547713486,17.420415889133757,17.093981214013535,17.71956599576722,1.0,0.0,0.001953125,0.2109375,False
1700,ALL_APPS,RAIDER_TRAX,service_time_s,10,10,0.5590509833781047,0.005189437308515223,0.6141439153575721,0.006751352096630358,0.055092931979467366,0.05229610135018423,0.057695009714496356,1.0,0.0,0.001953125,0.2109375,False
1700,ALL_APPS,RANDOM,failure_rate_pct,10,10,7.422171520898502,0.32905568701268145,34.140761678938745,0.06783437658933629,26.718590158040247,26.5437343302181,26.891288208206504,1.0,0.0,0.001953125,0.2109375,False
1700,ALL_APPS,RANDOM,service_time_s,10,10,0.5590509833781047,0.005189437308515223,0.5133444245304194,0.008584713529516163,-0.04570655884768517,-0.049494877444089744,-0.041996883799199095,-1.0,0.0,0.001953125,0.2109375,False
1800,ALL_APPS,EXP3_MC,failure_rate_pct,10,10,14.312003190413552,0.7179218613097215,37.57949171490692,3.9573631518551244,23.26748852449337,20.637061277919944,25.704565832156838,1.0,0.0,0.001953125,0.2109375,False
1800,ALL_APPS,EXP3_MC,service_time_s,10,10,0.6069573231200515,0.006504819233536239,0.6364652432078232,0.018328879193739017,0.02950792008777172,0.018168830239050884,0.04266204745259516,1.0,0.0,0.001953125,0.2109375,False
1800,ALL_APPS,RAIDER_TRAX,failure_rate_pct,10,10,14.312003190413552,0.7179218613097215,28.693879561758386,0.41432906393310037,14.381876371344841,14.18166432483233,14.594779610942568,1.0,0.0,0.001953125,0.2109375,False
1800,ALL_APPS,RAIDER_TRAX,service_time_s,10,10,0.6069573231200515,0.006504819233536239,0.6109490613833917,0.004796383267670487,0.0039917382633401725,0.0002572958031506103,0.00797308880600528,0.45454545454545453,15.0,0.232421875,1.0,False
1800,ALL_APPS,RANDOM,failure_rate_pct,10,10,14.312003190413552,0.7179218613097215,34.294839153096845,0.04727418603891596,19.982835962683293,19.567129060344364,20.41351072206996,1.0,0.0,0.001953125,0.2109375,False
1800,ALL_APPS,RANDOM,service_time_s,10,10,0.6069573231200515,0.006504819233536239,0.517105518328802,0.008683191036791035,-0.08985180479124946,-0.09506656750406908,-0.08424312584147932,-1.0,0.0,0.001953125,0.2109375,False
