variant,policy,run_id,iteration,simulation_seed,timestamp,num_devices,lambda,w_failure,w_service,candidate_count,optimizer_time_ms,previous_alpha,selected_alpha,weighted_predicted_failure_rate,weighted_predicted_dnst,performance_cost,reconfiguration_cost,joint_cost,hard_stability_enabled,r_max,feasible_candidate_count,constraint_active,reconfigured,stability_violation,unconstrained_reconfiguration_cost,unconstrained_performance_cost,solver_status,app_weight_0,previous_w_load_0,previous_threshold_0,selected_w_load_0,selected_threshold_0,predicted_failure_rate_0,predicted_dnst_0,app_weight_1,previous_w_load_1,previous_threshold_1,selected_w_load_1,selected_threshold_1,predicted_failure_rate_1,predicted_dnst_1,app_weight_2,previous_w_load_2,previous_threshold_2,selected_w_load_2,selected_threshold_2,predicted_failure_rate_2,predicted_dnst_2
RT_OPT,RT_OPT,iteration_9,9,20260837,70.0,1800,,,,,11.81912500760518,0.6,0.75,,,,0.47738095238095235,,False,0.15,,False,True,True,0.47738095238095235,,feasible,,0.5,85.0,0.9,40.0,,,,0.7,80.0,0.9,40.0,,,,0.4,90.0,0.9,40.0,,
RT_OPT,RT_OPT,iteration_9,9,20260837,130.0,1800,,,,,4.197500005830079,0.75,0.6000000000000001,,,,0.08095238095238093,,False,0.15,,False,True,False,0.08095238095238093,,feasible,,0.9,40.0,0.9,30.0,,,,0.9,40.0,0.9,30.0,,,,0.9,40.0,0.9,30.0,,
RT_OPT,RT_OPT,iteration_9,9,20260837,190.0,1800,,,,,3.918457994586788,0.6,0.75,,,,0.023809523809523815,,False,0.15,,False,True,False,0.023809523809523815,,feasible,,0.9,30.0,0.9,30.0,,,,0.9,30.0,0.9,30.0,,,,0.9,30.0,0.9,30.0,,
RT_OPT,RT_OPT,iteration_9,9,20260837,250.0,1800,,,,,4.815084001165815,0.75,0.6000000000000001,,,,0.04285714285714285,,False,0.15,,False,True,False,0.04285714285714285,,feasible,,0.9,30.0,0.9,20.0,,,,0.9,30.0,0.9,30.0,,,,0.9,30.0,0.9,30.0,,
RT_OPT,RT_OPT,iteration_9,9,20260837,310.0,1800,,,,,5.888166997465305,0.6,0.75,,,,0.023809523809523815,,False,0.15,,False,True,False,0.023809523809523815,,feasible,,0.9,20.0,0.9,20.0,,,,0.9,30.0,0.9,30.0,,,,0.9,30.0,0.9,30.0,,
RT_OPT,RT_OPT,iteration_9,9,20260837,370.0,1800,,,,,5.924791999859735,0.75,0.6000000000000001,,,,0.023809523809523798,,False,0.15,,False,True,False,0.023809523809523798,,feasible,,0.9,20.0,0.9,20.0,,,,0.9,30.0,0.9,30.0,,,,0.9,30.0,0.9,30.0,,
RT_OPT,RT_OPT,iteration_9,9,20260837,430.0,1800,,,,,5.125582989421673,0.6,0.75,,,,0.023809523809523815,,False,0.15,,False,True,False,0.023809523809523815,,feasible,,0.9,20.0,0.9,20.0,,,,0.9,30.0,0.9,30.0,,,,0.9,30.0,0.9,30.0,,
RT_OPT,RT_OPT,iteration_9,9,20260837,490.0,1800,,,,,3.2892919989535585,0.75,0.6000000000000001,,,,0.04285714285714285,,False,0.15,,False,True,False,0.04285714285714285,,feasible,,0.9,20.0,0.9,20.0,,,,0.9,30.0,0.9,20.0,,,,0.9,30.0,0.9,30.0,,
RT_OPT,RT_OPT,iteration_9,9,20260837,550.0,1800,,,,,14.23712499672547,0.6,0.75,,,,0.023809523809523815,,False,0.15,,False,True,False,0.023809523809523815,,feasible,,0.9,20.0,0.9,20.0,,,,0.9,20.0,0.9,20.0,,,,0.9,30.0,0.9,30.0,,
RT_OPT,RT_OPT,iteration_9,9,20260837,610.0,1800,,,,,11.4658749953378,0.75,0.6000000000000001,,,,0.023809523809523798,,False,0.15,,False,True,False,0.023809523809523798,,feasible,,0.9,20.0,0.9,20.0,,,,0.9,20.0,0.9,20.0,,,,0.9,30.0,0.9,30.0,,
RT_OPT,RT_OPT,iteration_9,9,20260837,670.0,1800,,,,,4.968834007740952,0.6,0.75,,,,0.023809523809523815,,False,0.15,,False,True,False,0.023809523809523815,,feasible,,0.9,20.0,0.9,20.0,,,,0.9,20.0,0.9,20.0,,,,0.9,30.0,0.9,30.0,,
RT_OPT,RT_OPT,iteration_9,9,20260837,730.0,1800,,,,,5.989833996864036,0.75,0.6000000000000001,,,,0.023809523809523798,,False,0.15,,False,True,False,0.023809523809523798,,feasible,,0.9,20.0,0.9,20.0,,,,0.9,20.0,0.9,20.0,,,,0.9,30.0,0.9,30.0,,
RT_OPT,RT_OPT,iteration_9,9,20260837,790.0,1800,,,,,6.543874987983145,0.6,0.75,,,,0.023809523809523815,,False,0.15,,False,True,False,0.023809523809523815,,feasible,,0.9,20.0,0.9,20.0,,,,0.9,20.0,0.9,20.0,,,,0.9,30.0,0.9,30.0,,
RT_OPT,RT_OPT,iteration_9,9,20260837,850.0,1800,,,,,6.453374997363426,0.75,0.6000000000000001,,,,0.023809523809523798,,False,0.15,,False,True,False,0.023809523809523798,,feasible,,0.9,20.0,0.9,20.0,,,,0.9,20.0,0.9,20.0,,,,0.9,30.0,0.9,30.0,,
RT_OPT,RT_OPT,iteration_9,9,20260837,910.0,1800,,,,,6.085625005653128,0.6,0.75,,,,0.023809523809523815,,False,0.15,,False,True,False,0.023809523809523815,,feasible,,0.9,20.0,0.9,20.0,,,,0.9,20.0,0.9,20.0,,,,0.9,30.0,0.9,30.0,,
RT_OPT,RT_OPT,iteration_9,9,20260837,970.0,1800,,,,,6.535708002047613,0.75,0.6000000000000001,,,,0.023809523809523798,,False,0.15,,False,True,False,0.023809523809523798,,feasible,,0.9,20.0,0.9,20.0,,,,0.9,20.0,0.9,20.0,,,,0.9,30.0,0.9,30.0,,
RT_OPT,RT_OPT,iteration_9,9,20260837,1030.0,1800,,,,,5.591207998804748,0.6,0.75,,,,0.023809523809523815,,False,0.15,,False,True,False,0.023809523809523815,,feasible,,0.9,20.0,0.9,20.0,,,,0.9,20.0,0.9,20.0,,,,0.9,30.0,0.9,30.0,,
RT_OPT,RT_OPT,iteration_9,9,20260837,1090.0,1800,,,,,6.387542001903057,0.75,0.6000000000000001,,,,0.023809523809523798,,False,0.15,,False,True,False,0.023809523809523798,,feasible,,0.9,20.0,0.9,20.0,,,,0.9,20.0,0.9,20.0,,,,0.9,30.0,0.9,30.0,,
RT_OPT,RT_OPT,iteration_9,9,20260837,1150.0,1800,,,,,6.977959012147039,0.6,0.75,,,,0.023809523809523815,,False,0.15,,False,True,False,0.023809523809523815,,feasible,,0.9,20.0,0.9,20.0,,,,0.9,20.0,0.9,20.0,,,,0.9,30.0,0.9,30.0,,
RT_OPT,RT_OPT,iteration_9,9,20260837,1210.0,1800,,,,,4.705791987362318,0.75,0.6000000000000001,,,,0.023809523809523798,,False,0.15,,False,True,False,0.023809523809523798,,feasible,,0.9,20.0,0.9,20.0,,,,0.9,20.0,0.9,20.0,,,,0.9,30.0,0.9,30.0,,
RT_OPT,RT_OPT,iteration_9,9,20260837,1270.0,1800,,,,,5.136207997566089,0.6,0.75,,,,0.023809523809523815,,False,0.15,,False,True,False,0.023809523809523815,,feasible,,0.9,20.0,0.9,20.0,,,,0.9,20.0,0.9,20.0,,,,0.9,30.0,0.9,30.0,,
RT_OPT,RT_OPT,iteration_9,9,20260837,1330.0,1800,,,,,4.13504199241288,0.75,0.6000000000000001,,,,0.023809523809523798,,False,0.15,,False,True,False,0.023809523809523798,,feasible,,0.9,20.0,0.9,20.0,,,,0.9,20.0,0.9,20.0,,,,0.9,30.0,0.9,30.0,,
RT_OPT,RT_OPT,iteration_9,9,20260837,1390.0,1800,,,,,4.00716598960571,0.6,0.75,,,,0.023809523809523815,,False,0.15,,False,True,False,0.023809523809523815,,feasible,,0.9,20.0,0.9,20.0,,,,0.9,20.0,0.9,20.0,,,,0.9,30.0,0.9,30.0,,
RT_OPT,RT_OPT,iteration_9,9,20260837,1450.0,1800,,,,,3.932291001547128,0.75,0.6000000000000001,,,,0.04285714285714285,,False,0.15,,False,True,False,0.04285714285714285,,feasible,,0.9,20.0,0.9,20.0,,,,0.9,20.0,0.9,20.0,,,,0.9,30.0,0.9,20.0,,
RT_OPT,RT_OPT,iteration_9,9,20260837,1510.0,1800,,,,,4.390832997160032,0.6,0.75,,,,0.023809523809523815,,False,0.15,,False,True,False,0.023809523809523815,,feasible,,0.9,20.0,0.9,20.0,,,,0.9,20.0,0.9,20.0,,,,0.9,20.0,0.9,20.0,,
RT_OPT,RT_OPT,iteration_9,9,20260837,1570.0,1800,,,,,5.3296249971026555,0.75,0.6000000000000001,,,,0.023809523809523798,,False,0.15,,False,True,False,0.023809523809523798,,feasible,,0.9,20.0,0.9,20.0,,,,0.9,20.0,0.9,20.0,,,,0.9,20.0,0.9,20.0,,
RT_OPT,RT_OPT,iteration_9,9,20260837,1630.0,1800,,,,,5.107999997562729,0.6,0.75,,,,0.023809523809523815,,False,0.15,,False,True,False,0.023809523809523815,,feasible,,0.9,20.0,0.9,20.0,,,,0.9,20.0,0.9,20.0,,,,0.9,20.0,0.9,20.0,,
RT_OPT,RT_OPT,iteration_9,9,20260837,1690.0,1800,,,,,5.5124579957919195,0.75,0.6000000000000001,,,,0.023809523809523798,,False,0.15,,False,True,False,0.023809523809523798,,feasible,,0.9,20.0,0.9,20.0,,,,0.9,20.0,0.9,20.0,,,,0.9,20.0,0.9,20.0,,
RT_OPT,RT_OPT,iteration_9,9,20260837,1750.0,1800,,,,,3.488375004963018,0.6,0.75,,,,0.023809523809523815,,False,0.15,,False,True,False,0.023809523809523815,,feasible,,0.9,20.0,0.9,20.0,,,,0.9,20.0,0.9,20.0,,,,0.9,20.0,0.9,20.0,,
RT_OPT,RT_OPT,iteration_9,9,20260837,1810.0,1800,,,,,2.6615000097081065,0.75,0.6000000000000001,,,,0.023809523809523798,,False,0.15,,False,True,False,0.023809523809523798,,feasible,,0.9,20.0,0.9,20.0,,,,0.9,20.0,0.9,20.0,,,,0.9,20.0,0.9,20.0,,
RT_OPT,RT_OPT,iteration_9,9,20260837,1870.0,1800,,,,,4.642166997655295,0.6,0.75,,,,0.023809523809523815,,False,0.15,,False,True,False,0.023809523809523815,,feasible,,0.9,20.0,0.9,20.0,,,,0.9,20.0,0.9,20.0,,,,0.9,20.0,0.9,20.0,,
RT_OPT,RT_OPT,iteration_9,9,20260837,1930.0,1800,,,,,2.702000012504868,0.75,0.6000000000000001,,,,0.023809523809523798,,False,0.15,,False,True,False,0.023809523809523798,,feasible,,0.9,20.0,0.9,20.0,,,,0.9,20.0,0.9,20.0,,,,0.9,20.0,0.9,20.0,,
RT_OPT,RT_OPT,iteration_9,9,20260837,1990.0,1800,,,,,2.971833004266955,0.6,0.75,,,,0.023809523809523815,,False,0.15,,False,True,False,0.023809523809523815,,feasible,,0.9,20.0,0.9,20.0,,,,0.9,20.0,0.9,20.0,,,,0.9,20.0,0.9,20.0,,
RT_OPT,RT_OPT,iteration_9,9,20260837,2050.0,1800,,,,,5.4130420030560344,0.75,0.6000000000000001,,,,0.023809523809523798,,False,0.15,,False,True,False,0.023809523809523798,,feasible,,0.9,20.0,0.9,20.0,,,,0.9,20.0,0.9,20.0,,,,0.9,20.0,0.9,20.0,,
RT_OPT,RT_OPT,iteration_9,9,20260837,2110.0,1800,,,,,4.40550000348594,0.6,0.75,,,,0.023809523809523815,,False,0.15,,False,True,False,0.023809523809523815,,feasible,,0.9,20.0,0.9,20.0,,,,0.9,20.0,0.9,20.0,,,,0.9,20.0,0.9,20.0,,
RT_OPT,RT_OPT,iteration_9,9,20260837,2170.0,1800,,,,,4.345666995504871,0.75,0.6000000000000001,,,,0.023809523809523798,,False,0.15,,False,True,False,0.023809523809523798,,feasible,,0.9,20.0,0.9,20.0,,,,0.9,20.0,0.9,20.0,,,,0.9,20.0,0.9,20.0,,
RT_OPT,RT_OPT,iteration_9,9,20260837,2230.0,1800,,,,,3.5340000031283125,0.6,0.75,,,,0.023809523809523815,,False,0.15,,False,True,False,0.023809523809523815,,feasible,,0.9,20.0,0.9,20.0,,,,0.9,20.0,0.9,20.0,,,,0.9,20.0,0.9,20.0,,
RT_OPT,RT_OPT,iteration_9,9,20260837,2290.0,1800,,,,,2.2147499985294417,0.75,0.6000000000000001,,,,0.023809523809523798,,False,0.15,,False,True,False,0.023809523809523798,,feasible,,0.9,20.0,0.9,20.0,,,,0.9,20.0,0.9,20.0,,,,0.9,20.0,0.9,20.0,,
RT_OPT,RT_OPT,iteration_9,9,20260837,2350.0,1800,,,,,5.444584006909281,0.6,0.75,,,,0.023809523809523815,,False,0.15,,False,True,False,0.023809523809523815,,feasible,,0.9,20.0,0.9,20.0,,,,0.9,20.0,0.9,20.0,,,,0.9,20.0,0.9,20.0,,
RT_OPT,RT_OPT,iteration_9,9,20260837,2410.0,1800,,,,,5.537749995710328,0.75,0.6000000000000001,,,,0.023809523809523798,,False,0.15,,False,True,False,0.023809523809523798,,feasible,,0.9,20.0,0.9,20.0,,,,0.9,20.0,0.9,20.0,,,,0.9,20.0,0.9,20.0,,
RT_OPT,RT_OPT,iteration_9,9,20260837,2470.0,1800,,,,,4.29433400859125,0.6,0.75,,,,0.023809523809523815,,False,0.15,,False,True,False,0.023809523809523815,,feasible,,0.9,20.0,0.9,20.0,,,,0.9,20.0,0.9,20.0,,,,0.9,20.0,0.9,20.0,,
RT_OPT,RT_OPT,iteration_9,9,20260837,2530.0,1800,,,,,4.936833996907808,0.75,0.6000000000000001,,,,0.023809523809523798,,False,0.15,,False,True,False,0.023809523809523798,,feasible,,0.9,20.0,0.9,20.0,,,,0.9,20.0,0.9,20.0,,,,0.9,20.0,0.9,20.0,,
RT_OPT,RT_OPT,iteration_9,9,20260837,2590.0,1800,,,,,11.700375005602837,0.6,0.75,,,,0.023809523809523815,,False,0.15,,False,True,False,0.023809523809523815,,feasible,,0.9,20.0,0.9,20.0,,,,0.9,20.0,0.9,20.0,,,,0.9,20.0,0.9,20.0,,
RT_OPT,RT_OPT,iteration_9,9,20260837,2650.0,1800,,,,,19.147125000017695,0.75,0.6000000000000001,,,,0.023809523809523798,,False,0.15,,False,True,False,0.023809523809523798,,feasible,,0.9,20.0,0.9,20.0,,,,0.9,20.0,0.9,20.0,,,,0.9,20.0,0.9,20.0,,
RT_OPT,RT_OPT,iteration_9,9,20260837,2710.0,1800,,,,,4.662874998757616,0.6,0.75,,,,0.023809523809523815,,False,0.15,,False,True,False,0.023809523809523815,,feasible,,0.9,20.0,0.9,20.0,,,,0.9,20.0,0.9,20.0,,,,0.9,20.0,0.9,20.0,,
RT_OPT,RT_OPT,iteration_9,9,20260837,2770.0,1800,,,,,3.1239999952958897,0.75,0.6000000000000001,,,,0.023809523809523798,,False,0.15,,False,True,False,0.023809523809523798,,feasible,,0.9,20.0,0.9,20.0,,,,0.9,20.0,0.9,20.0,,,,0.9,20.0,0.9,20.0,,
RT_OPT,RT_OPT,iteration_9,9,20260837,2830.0,1800,,,,,4.089291993295774,0.6,0.75,,,,0.023809523809523815,,False,0.15,,False,True,False,0.023809523809523815,,feasible,,0.9,20.0,0.9,20.0,,,,0.9,20.0,0.9,20.0,,,,0.9,20.0,0.9,20.0,,
RT_OPT,RT_OPT,iteration_9,9,20260837,2890.0,1800,,,,,4.3720419926103204,0.75,0.6000000000000001,,,,0.023809523809523798,,False,0.15,,False,True,False,0.023809523809523798,,feasible,,0.9,20.0,0.9,20.0,,,,0.9,20.0,0.9,20.0,,,,0.9,20.0,0.9,20.0,,
RT_OPT,RT_OPT,iteration_9,9,20260837,2950.0,1800,,,,,6.039500003680587,0.6,0.75,,,,0.023809523809523815,,False,0.15,,False,True,False,0.023809523809523815,,feasible,,0.9,20.0,0.9,20.0,,,,0.9,20.0,0.9,20.0,,,,0.9,20.0,0.9,20.0,,
RT_OPT,RT_OPT,iteration_9,9,20260837,3010.0,1800,,,,,3.832916001556441,0.75,0.6000000000000001,,,,0.023809523809523798,,False,0.15,,False,True,False,0.023809523809523798,,feasible,,0.9,20.0,0.9,20.0,,,,0.9,20.0,0.9,20.0,,,,0.9,20.0,0.9,20.0,,
RT_OPT,RT_OPT,iteration_9,9,20260837,3070.0,1800,,,,,33.83162499812897,0.6,0.75,,,,0.023809523809523815,,False,0.15,,False,True,False,0.023809523809523815,,feasible,,0.9,20.0,0.9,20.0,,,,0.9,20.0,0.9,20.0,,,,0.9,20.0,0.9,20.0,,
RT_OPT,RT_OPT,iteration_9,9,20260837,3130.0,1800,,,,,5.848458997206762,0.75,0.6000000000000001,,,,0.023809523809523798,,False,0.15,,False,True,False,0.023809523809523798,,feasible,,0.9,20.0,0.9,20.0,,,,0.9,20.0,0.9,20.0,,,,0.9,20.0,0.9,20.0,,
RT_OPT,RT_OPT,iteration_9,9,20260837,3190.0,1800,,,,,4.53449999622535,0.6,0.75,,,,0.023809523809523815,,False,0.15,,False,True,False,0.023809523809523815,,feasible,,0.9,20.0,0.9,20.0,,,,0.9,20.0,0.9,20.0,,,,0.9,20.0,0.9,20.0,,
RT_OPT,RT_OPT,iteration_9,9,20260837,3250.0,1800,,,,,5.509166992851533,0.75,0.6000000000000001,,,,0.023809523809523798,,False,0.15,,False,True,False,0.023809523809523798,,feasible,,0.9,20.0,0.9,20.0,,,,0.9,20.0,0.9,20.0,,,,0.9,20.0,0.9,20.0,,
RT_OPT,RT_OPT,iteration_9,9,20260837,3310.0,1800,,,,,4.129291992285289,0.6,0.75,,,,0.023809523809523815,,False,0.15,,False,True,False,0.023809523809523815,,feasible,,0.9,20.0,0.9,20.0,,,,0.9,20.0,0.9,20.0,,,,0.9,20.0,0.9,20.0,,
RT_OPT,RT_OPT,iteration_9,9,20260837,3370.0,1800,,,,,4.3084170029032975,0.75,0.6000000000000001,,,,0.023809523809523798,,False,0.15,,False,True,False,0.023809523809523798,,feasible,,0.9,20.0,0.9,20.0,,,,0.9,20.0,0.9,20.0,,,,0.9,20.0,0.9,20.0,,
RT_OPT,RT_OPT,iteration_9,9,20260837,3430.0,1800,,,,,5.235582997556776,0.6,0.75,,,,0.023809523809523815,,False,0.15,,False,True,False,0.023809523809523815,,feasible,,0.9,20.0,0.9,20.0,,,,0.9,20.0,0.9,20.0,,,,0.9,20.0,0.9,20.0,,
RT_OPT,RT_OPT,iteration_9,9,20260837,3490.0,1800,,,,,3.3818329975474626,0.75,0.6000000000000001,,,,0.023809523809523798,,False,0.15,,False,True,False,0.023809523809523798,,feasible,,0.9,20.0,0.9,20.0,,,,0.9,20.0,0.9,20.0,,,,0.9,20.0,0.9,20.0,,
RT_OPT,RT_OPT,iteration_9,9,20260837,3550.0,1800,,,,,5.609208004898392,0.6,0.75,,,,0.023809523809523815,,False,0.15,,False,True,False,0.023809523809523815,,feasible,,0.9,20.0,0.9,20.0,,,,0.9,20.0,0.9,20.0,,,,0.9,20.0,0.9,20.0,,
