variant,policy,run_id,iteration,simulation_seed,timestamp,num_devices,lambda,w_failure,w_service,candidate_count,optimizer_time_ms,previous_alpha,selected_alpha,weighted_predicted_failure_rate,weighted_predicted_dnst,performance_cost,reconfiguration_cost,joint_cost,hard_stability_enabled,r_max,feasible_candidate_count,constraint_active,reconfigured,stability_violation,unconstrained_reconfiguration_cost,unconstrained_performance_cost,app_weight_0,previous_w_load_0,previous_threshold_0,selected_w_load_0,selected_threshold_0,predicted_failure_rate_0,predicted_dnst_0,app_weight_1,previous_w_load_1,previous_threshold_1,selected_w_load_1,selected_threshold_1,predicted_failure_rate_1,predicted_dnst_1,app_weight_2,previous_w_load_2,previous_threshold_2,selected_w_load_2,selected_threshold_2,predicted_failure_rate_2,predicted_dnst_2
SCOPE,RT_OPT_ML,iteration_3,3,20260831,70.0,1800,0.2,0.5,0.5,2537,207.67624999280088,0.6,0.7,0.09390832014677897,0.7164324804734206,0.14577280616575555,0.14444444444444443,0.14550713382149333,True,0.15,50,True,True,False,0.1706349206349206,0.135445071041718,0.5145676447675929,0.5,85.0,0.4,70.0,0.0982494205236435,0.7287711501121521,0.3611010127239678,0.7,80.0,0.8,65.0,0.08395928889513016,0.7004521489143372,0.12433134250843937,0.4,90.0,0.2,90.0,0.10483730584383011,0.7117790579795837
SCOPE,RT_OPT_ML,iteration_3,3,20260831,130.0,1800,0.2,0.5,0.5,2536,113.68208400381263,0.7,0.7,0.12882901943312852,0.7588328198298513,0.1884264949406256,0.0,0.1507411959525005,True,0.15,32,False,False,False,0.0,0.1884264949406256,0.5200383509108342,0.4,70.0,0.4,70.0,0.11811301112174988,0.7880808115005493,0.3587248322147651,0.8,65.0,0.8,65.0,0.1344011276960373,0.7309638261795044,0.12123681687440077,0.2,90.0,0.2,90.0,0.1583075374364853,0.7158361673355103
SCOPE,RT_OPT_ML,iteration_3,3,20260831,190.0,1800,0.2,0.5,0.5,2536,100.57079199759755,0.7,0.7,0.14822079473500746,0.7798657912558036,0.21099201455663535,0.0,0.1687936116453083,True,0.15,32,False,False,False,0.0,0.21099201455663535,0.5153347732181426,0.4,70.0,0.4,70.0,0.13347022235393524,0.8283030390739441,0.36318694504439647,0.8,65.0,0.8,65.0,0.1558980792760849,0.7304979562759399,0.121478281737461,0.2,90.0,0.2,90.0,0.18784263730049133,0.7219818234443665
SCOPE,RT_OPT_ML,iteration_3,3,20260831,250.0,1800,0.2,0.5,0.5,2536,101.04437499830965,0.7,0.7,0.15872226711139045,0.8057200593669084,0.22966293392884132,0.0,0.18373034714307307,True,0.15,32,False,False,False,0.0,0.22966293392884132,0.514162265962554,0.4,70.0,0.4,70.0,0.1478821337223053,0.845543622970581,0.3656265002400384,0.8,65.0,0.8,65.0,0.1602679044008255,0.7701563239097595,0.12021123379740759,0.2,90.0,0.2,90.0,0.20038610696792603,0.7435567378997803
SCOPE,RT_OPT_ML,iteration_3,3,20260831,310.0,1800,0.2,0.5,0.5,2536,110.71466699650045,0.7,0.7,0.13692574600820598,0.7724507476786266,0.2000051252641622,0.0,0.16000410021132977,True,0.15,32,False,False,False,0.0,0.2000051252641622,0.518674227610481,0.4,70.0,0.4,70.0,0.13211952149868011,0.8021361231803894,0.36238756355103635,0.8,65.0,0.8,65.0,0.13372093439102173,0.7496418356895447,0.11893820883848259,0.2,90.0,0.2,90.0,0.16764967143535614,0.7124921083450317
SCOPE,RT_OPT_ML,iteration_3,3,20260831,370.0,1800,0.2,0.5,0.5,2536,311.6733750066487,0.7,0.7,0.12618839936619325,0.7580746698149222,0.18629292284601007,0.0,0.14903433827680806,True,0.15,32,False,False,False,0.0,0.18629292284601007,0.5172798757402194,0.4,70.0,0.4,70.0,0.1160113662481308,0.7982145547866821,0.36142122124065623,0.8,65.0,0.8,65.0,0.12976810336112976,0.7165572643280029,0.12129890301912435,0.2,90.0,0.2,90.0,0.15892235934734344,0.7106028199195862
SCOPE,RT_OPT_ML,iteration_3,3,20260831,430.0,1800,0.2,0.5,0.5,2536,127.34404200455174,0.7,0.7,0.15892716166475238,0.7846462265863366,0.220403644054877,0.0,0.17632291524390162,True,0.15,32,False,False,False,0.0,0.220403644054877,0.5153654086238356,0.4,70.0,0.4,70.0,0.15025609731674194,0.8196218609809875,0.3644963026985499,0.8,65.0,0.8,65.0,0.16107721626758575,0.753800094127655,0.12013828867761452,0.2,90.0,0.2,90.0,0.18960081040859222,0.7281951904296875
SCOPE,RT_OPT_ML,iteration_3,3,20260831,490.0,1800,0.2,0.5,0.5,2536,126.35400000726804,0.7,0.7,0.15913898306074392,0.7861668625774199,0.22122584897014097,0.0,0.1769806791761128,True,0.15,32,False,False,False,0.0,0.22122584897014097,0.513227259656858,0.4,70.0,0.4,70.0,0.1537911593914032,0.8241894841194153,0.3664334323780312,0.8,65.0,0.8,65.0,0.158439502120018,0.7534233927726746,0.1203393079651107,0.2,90.0,0.2,90.0,0.1840764880180359,0.7237105965614319
SCOPE,RT_OPT_ML,iteration_3,3,20260831,550.0,1800,0.2,0.5,0.5,2536,117.83558299066499,0.7,0.7,0.1569868370619085,0.7879736477251563,0.22056832884863886,0.0,0.1764546630789111,True,0.15,32,False,False,False,0.0,0.22056832884863886,0.5180530716806032,0.4,70.0,0.4,70.0,0.1526365578174591,0.82427579164505,0.3587896950070086,0.8,65.0,0.8,65.0,0.15290467441082,0.7585833072662354,0.12315723331238823,0.2,90.0,0.2,90.0,0.18717843294143677,0.7208928465843201
SCOPE,RT_OPT_ML,iteration_3,3,20260831,610.0,1800,0.2,0.5,0.5,2536,117.7062499918975,0.7,0.7,0.15118178558709927,0.7856919968553358,0.2156036925370508,0.0,0.17248295402964064,True,0.15,32,False,False,False,0.0,0.2156036925370508,0.5187466910526063,0.4,70.0,0.4,70.0,0.14328652620315552,0.8254963755607605,0.3589546132742937,0.8,65.0,0.8,65.0,0.15348514914512634,0.7515458464622498,0.12229869567310006,0.2,90.0,0.2,90.0,0.17791008949279785,0.7170774340629578
SCOPE,RT_OPT_ML,iteration_3,3,20260831,670.0,1800,0.2,0.5,0.5,2536,116.35075000231154,0.7,0.7,0.15560724201910914,0.8021072041860892,0.22593364293229662,0.0,0.1807469143458373,True,0.15,32,False,False,False,0.0,0.22593364293229662,0.5098067424351412,0.4,70.0,0.4,70.0,0.1410214900970459,0.8384840488433838,0.36584664077111206,0.8,65.0,0.8,65.0,0.16441506147384644,0.7753991484642029,0.1243466167937467,0.2,90.0,0.2,90.0,0.18949319422245026,0.7315455079078674
SCOPE,RT_OPT_ML,iteration_3,3,20260831,730.0,1800,0.2,0.5,0.5,2536,98.57408299285453,0.7,0.7,0.1676362613810466,0.8091600343852904,0.23725804264597006,0.0,0.18980643411677606,True,0.15,32,False,False,False,0.0,0.23725804264597006,0.5175497003709693,0.4,70.0,0.4,70.0,0.15887942910194397,0.8459752202033997,0.3635498906116237,0.8,65.0,0.8,65.0,0.17046524584293365,0.7812433838844299,0.11890040901740702,0.2,90.0,0.2,90.0,0.1971030980348587,0.734268844127655
SCOPE,RT_OPT_ML,iteration_3,3,20260831,790.0,1800,0.2,0.5,0.5,2536,115.56395801017061,0.7,0.7,0.1524209246082813,0.7829634109708278,0.21522931872483014,0.0,0.17218345497986412,True,0.15,32,False,False,False,0.0,0.21522931872483014,0.5164157357940748,0.4,70.0,0.4,70.0,0.1444779336452484,0.8154979944229126,0.36066051481301603,0.8,65.0,0.8,65.0,0.15251769125461578,0.7578897476196289,0.12292374939290918,0.2,90.0,0.2,90.0,0.18550635874271393,0.7198487520217896
SCOPE,RT_OPT_ML,iteration_3,3,20260831,850.0,1800,0.2,0.5,0.5,2536,126.84783300210256,0.7,0.7,0.15568600415051811,0.7901649584874523,0.22066113842476642,0.0,0.17652891073981314,True,0.15,32,False,False,False,0.0,0.22066113842476642,0.5181669236700077,0.4,70.0,0.4,70.0,0.14815475046634674,0.8211979269981384,0.3616518889745567,0.8,65.0,0.8,65.0,0.15408889949321747,0.7645198702812195,0.12018118735543562,0.2,90.0,0.2,90.0,0.1929634064435959,0.7335366010665894
SCOPE,RT_OPT_ML,iteration_3,3,20260831,910.0,1800,0.2,0.5,0.5,2536,175.35533300542738,0.7,0.7,0.15807252957782256,0.7945744556013921,0.22425038734478564,0.0,0.17940030987582853,True,0.15,32,False,False,False,0.0,0.22425038734478564,0.5145561451312204,0.4,70.0,0.4,70.0,0.1456746608018875,0.8324964046478271,0.3653138295329605,0.8,65.0,0.8,65.0,0.16287656128406525,0.7625488042831421,0.12013002533581911,0.2,90.0,0.2,90.0,0.19656765460968018,0.7295319437980652
SCOPE,RT_OPT_ML,iteration_3,3,20260831,970.0,1800,0.2,0.5,0.5,2536,250.50266699690837,0.7,0.7,0.14900535246431468,0.7812398239384226,0.2121382598869303,0.0,0.16971060790954426,True,0.15,32,False,False,False,0.0,0.2121382598869303,0.5153679131483715,0.4,70.0,0.4,70.0,0.14327675104141235,0.8092858791351318,0.36429433051869725,0.8,65.0,0.8,65.0,0.14770591259002686,0.7618321180343628,0.12033775633293124,0.2,90.0,0.2,90.0,0.17747285962104797,0.7198798656463623
SCOPE,RT_OPT_ML,iteration_3,3,20260831,1030.0,1800,0.2,0.5,0.5,2536,165.7702919910662,0.7,0.7,0.15124507473398166,0.7873052299491958,0.21636620212281632,0.0,0.17309296169825306,True,0.15,32,False,False,False,0.0,0.21636620212281632,0.5151910351156838,0.4,70.0,0.4,70.0,0.142744779586792,0.8240357041358948,0.36202482731971214,0.8,65.0,0.8,65.0,0.1530449241399765,0.7602472305297852,0.12278413756460417,0.2,90.0,0.2,90.0,0.18160474300384521,0.7129670977592468
SCOPE,RT_OPT_ML,iteration_3,3,20260831,1090.0,1800,0.2,0.5,0.5,2536,909.9451669899281,0.7,0.7,0.16599921583459074,0.7908656622949588,0.22798595067207889,0.0,0.18238876053766312,True,0.15,32,False,False,False,0.0,0.22798595067207889,0.5147382524643507,0.4,70.0,0.4,70.0,0.15866361558437347,0.8381481766700745,0.366350846971002,0.8,65.0,0.8,65.0,0.16851221024990082,0.7475388646125793,0.11891090056464733,0.2,90.0,0.2,90.0,0.19001111388206482,0.7196753025054932
SCOPE,RT_OPT_ML,iteration_3,3,20260831,1150.0,1800,0.2,0.5,0.5,2536,391.64337499823887,0.7,0.7,0.15822641250084585,0.7832202949184284,0.2192912369174961,0.0,0.17543298953399689,True,0.15,32,False,False,False,0.0,0.2192912369174961,0.5115305976891256,0.4,70.0,0.4,70.0,0.15478308498859406,0.819556713104248,0.3685036374875184,0.8,65.0,0.8,65.0,0.1574483960866928,0.7543968558311462,0.119965764823356,0.2,90.0,0.2,90.0,0.1752985268831253,0.7168209552764893
SCOPE,RT_OPT_ML,iteration_3,3,20260831,1210.0,1800,0.2,0.5,0.5,2536,828.3926250005607,0.7,0.7,0.15953449312764853,0.7934447240773161,0.22474058404581337,0.0,0.1797924672366507,True,0.15,32,False,False,False,0.0,0.22474058404581337,0.5147002120686331,0.4,70.0,0.4,70.0,0.15314389765262604,0.8230134844779968,0.36229998072103337,0.8,65.0,0.8,65.0,0.16037774085998535,0.7758208513259888,0.12299980721033353,0.2,90.0,0.2,90.0,0.18379251658916473,0.7216241359710693
SCOPE,RT_OPT_ML,iteration_3,3,20260831,1270.0,1800,0.2,0.5,0.5,2536,662.7950419933768,0.7,0.7,0.15604269556972916,0.7970605059584657,0.22397897319285853,0.0,0.17918317855428684,True,0.15,32,False,False,False,0.0,0.22397897319285853,0.514559862516708,0.4,70.0,0.4,70.0,0.14969868957996368,0.8327086567878723,0.3622302845140348,0.8,65.0,0.8,65.0,0.15736867487430573,0.767604410648346,0.12320985296925721,0.2,90.0,0.2,90.0,0.1786387860774994,0.734782874584198
SCOPE,RT_OPT_ML,iteration_3,3,20260831,1330.0,1800,0.2,0.5,0.5,2536,633.0624580004951,0.7,0.7,0.16354617526155213,0.8112506017876984,0.2354094125570309,0.0,0.18832753004562475,True,0.15,32,False,False,False,0.0,0.2354094125570309,0.5216186517605466,0.4,70.0,0.4,70.0,0.1536855399608612,0.8524780869483948,0.36247670918732977,0.8,65.0,0.8,65.0,0.16901621222496033,0.7755652070045471,0.11590463905212364,0.2,90.0,0.2,90.0,0.190816268324852,0.7373113632202148
SCOPE,RT_OPT_ML,iteration_3,3,20260831,1390.0,1800,0.2,0.5,0.5,2536,341.76291699986905,0.7,0.7,0.13546290021693605,0.7824718818729687,0.20347975730969614,0.0,0.16278380584775692,True,0.15,32,False,False,False,0.0,0.20347975730969614,0.5160821546211974,0.4,70.0,0.4,70.0,0.12584978342056274,0.82122403383255,0.36117031583026543,0.8,65.0,0.8,65.0,0.1403343379497528,0.7527101635932922,0.1227475295485371,0.2,90.0,0.2,90.0,0.16154684126377106,0.7071119546890259
SCOPE,RT_OPT_ML,iteration_3,3,20260831,1450.0,1800,0.2,0.5,0.5,2536,304.5167090022005,0.7,0.7,0.12165624735597186,0.7812717834377436,0.1935569113301234,0.0,0.15484552906409874,True,0.15,32,False,False,False,0.0,0.1935569113301234,0.5120376662459956,0.4,70.0,0.4,70.0,0.10865674167871475,0.8155630826950073,0.36472187166294534,0.8,65.0,0.8,65.0,0.12841258943080902,0.7553098797798157,0.12324046209105911,0.2,90.0,0.2,90.0,0.15567146241664886,0.7156313061714172
SCOPE,RT_OPT_ML,iteration_3,3,20260831,1510.0,1800,0.2,0.5,0.5,2536,241.22891698789317,0.7,0.7,0.14965294292201106,0.781736876934781,0.2128002570047796,0.0,0.1702402056038237,True,0.15,32,False,False,False,0.0,0.2128002570047796,0.517347429120615,0.4,70.0,0.4,70.0,0.14001795649528503,0.8224502205848694,0.35862566074002883,0.8,65.0,0.8,65.0,0.1544392853975296,0.7482234239578247,0.12402691013935607,0.2,90.0,0.2,90.0,0.1760031133890152,0.7088159322738647
SCOPE,RT_OPT_ML,iteration_3,3,20260831,1570.0,1800,0.2,0.5,0.5,2536,128.38812499830965,0.7,0.7,0.1502258860227855,0.7977927002782664,0.22035047068585722,0.0,0.17628037654868578,True,0.15,32,False,False,False,0.0,0.22035047068585722,0.5136374492476714,0.4,70.0,0.4,70.0,0.14231491088867188,0.8396473526954651,0.36632433723429664,0.8,65.0,0.8,65.0,0.15141661465168,0.762322187423706,0.120038213518032,0.2,90.0,0.2,90.0,0.18044276535511017,0.7269452214241028
SCOPE,RT_OPT_ML,iteration_3,3,20260831,1630.0,1800,0.2,0.5,0.5,2536,103.50945800018962,0.7,0.7,0.16876545962592698,0.7917750759625315,0.23027239993839507,0.0,0.18421791995071607,True,0.15,32,False,False,False,0.0,0.23027239993839507,0.5165436800761724,0.4,70.0,0.4,70.0,0.16115611791610718,0.8235906958580017,0.36196143775291595,0.8,65.0,0.8,65.0,0.1724109649658203,0.7665999531745911,0.12149488217091169,0.2,90.0,0.2,90.0,0.1902562826871872,0.7315113544464111
SCOPE,RT_OPT_ML,iteration_3,3,20260831,1690.0,1800,0.2,0.5,0.5,2536,120.44479200267233,0.7,0.7,0.15455352179110177,0.7919432457546892,0.22068421324503606,0.0,0.17654737059602887,True,0.15,32,False,False,False,0.0,0.22068421324503606,0.5180139554753881,0.4,70.0,0.4,70.0,0.14644020795822144,0.827655017375946,0.362699957279157,0.8,65.0,0.8,65.0,0.15668410062789917,0.761447548866272,0.11928608724545497,0.2,90.0,0.2,90.0,0.18330833315849304,0.7295855283737183
SCOPE,RT_OPT_ML,iteration_3,3,20260831,1750.0,1800,0.2,0.5,0.5,2536,247.8115000121761,0.7,0.7,0.15792041319965644,0.7853050991546409,0.22001296798601874,0.0,0.176010374388815,True,0.15,32,False,False,False,0.0,0.22001296798601874,0.5130106189610638,0.4,70.0,0.4,70.0,0.15219730138778687,0.8219289779663086,0.36472782933129244,0.8,65.0,0.8,65.0,0.15641827881336212,0.757464587688446,0.12226155170764375,0.2,90.0,0.2,90.0,0.18641577661037445,0.7146841287612915
SCOPE,RT_OPT_ML,iteration_3,3,20260831,1810.0,1800,0.2,0.5,0.5,2536,98.76462499960326,0.7,0.7,0.15327838464190963,0.7964370067569707,0.22182135159443478,0.0,0.17745708127554782,True,0.15,32,False,False,False,0.0,0.22182135159443478,0.5103600788423633,0.4,70.0,0.4,70.0,0.14181609451770782,0.8308107256889343,0.36623239267342916,0.8,65.0,0.8,65.0,0.15643709897994995,0.7671599388122559,0.1234075284842075,0.2,90.0,0.2,90.0,0.1913074404001236,0.7411667704582214
SCOPE,RT_OPT_ML,iteration_3,3,20260831,1870.0,1800,0.2,0.5,0.5,2536,99.60162499919534,0.7,0.7,0.16080550642201127,0.7972331328911298,0.22729436189064903,0.0,0.18183548951251924,True,0.15,32,False,False,False,0.0,0.22729436189064903,0.5144639002158791,0.4,70.0,0.4,70.0,0.1532558798789978,0.8333902955055237,0.3689134084912449,0.8,65.0,0.8,65.0,0.15923860669136047,0.7681891322135925,0.11662269129287599,0.2,90.0,0.2,90.0,0.199066162109375,0.7296062111854553
SCOPE,RT_OPT_ML,iteration_3,3,20260831,1930.0,1800,0.2,0.5,0.5,2536,103.50708299665712,0.7,0.7,0.1711347637381084,0.7881754511173096,0.23027799448295277,0.0,0.18422239558636222,True,0.15,32,False,False,False,0.0,0.23027799448295277,0.5143881453154876,0.4,70.0,0.4,70.0,0.1622658371925354,0.8185060024261475,0.36161567877629064,0.8,65.0,0.8,65.0,0.17753461003303528,0.7723504304885864,0.1239961759082218,0.2,90.0,0.2,90.0,0.18926262855529785,0.7085028290748596
SCOPE,RT_OPT_ML,iteration_3,3,20260831,1990.0,1800,0.2,0.5,0.5,2536,97.98283300187904,0.7,0.7,0.14997142968882574,0.7886007383146221,0.21607798360048353,0.0,0.17286238688038683,True,0.15,32,False,False,False,0.0,0.21607798360048353,0.5155784210020194,0.4,70.0,0.4,70.0,0.14157435297966003,0.8313758373260498,0.3626310222136744,0.8,65.0,0.8,65.0,0.15312978625297546,0.7522735595703125,0.12179055678430618,0.2,90.0,0.2,90.0,0.17611494660377502,0.7156841158866882
SCOPE,RT_OPT_ML,iteration_3,3,20260831,2050.0,1800,0.2,0.5,0.5,2536,108.53474999021273,0.7,0.7,0.16254940995856157,0.7850696196743874,0.22305536268285675,0.0,0.1784442901462854,True,0.15,32,False,False,False,0.0,0.22305536268285675,0.5138721931047747,0.4,70.0,0.4,70.0,0.15188737213611603,0.8225952386856079,0.3605808530076453,0.8,65.0,0.8,65.0,0.16944845020771027,0.7544102668762207,0.12554695388757994,0.2,90.0,0.2,90.0,0.18637526035308838,0.7195308208465576
SCOPE,RT_OPT_ML,iteration_3,3,20260831,2110.0,1800,0.2,0.5,0.5,2536,228.9905420038849,0.7,0.7,0.1645198704775392,0.7975025487909986,0.2299400417555848,0.0,0.18395203340446786,True,0.15,32,False,False,False,0.0,0.2299400417555848,0.5190963139120095,0.4,70.0,0.4,70.0,0.1560894101858139,0.8431408405303955,0.36104637336504164,0.8,65.0,0.8,65.0,0.16787894070148468,0.7566781640052795,0.11985731272294887,0.2,90.0,0.2,90.0,0.19091325998306274,0.7228206396102905
SCOPE,RT_OPT_ML,iteration_3,3,20260831,2170.0,1800,0.2,0.5,0.5,2536,684.0129169868305,0.7,0.7,0.14003802326140086,0.7960655393941177,0.21265310346136396,0.0,0.17012248276909117,True,0.15,32,False,False,False,0.0,0.21265310346136396,0.5118765420153839,0.4,70.0,0.4,70.0,0.13346616923809052,0.8291817307472229,0.3670843210294616,0.8,65.0,0.8,65.0,0.1399213820695877,0.7728081941604614,0.12103913695515456,0.2,90.0,0.2,90.0,0.16818425059318542,0.7265508770942688
SCOPE,RT_OPT_ML,iteration_3,3,20260831,2230.0,1800,0.2,0.5,0.5,2536,431.21441699622665,0.7,0.7,0.14089431236234237,0.7855275423913536,0.2085355397039234,0.0,0.16682843176313875,True,0.15,32,False,False,False,0.0,0.2085355397039234,0.5130388504523683,0.4,70.0,0.4,70.0,0.1336701661348343,0.8176267147064209,0.37045817407712034,0.8,65.0,0.8,65.0,0.14058715105056763,0.7606644034385681,0.11650297547051139,0.2,90.0,0.2,90.0,0.17368367314338684,0.7232341170310974
SCOPE,RT_OPT_ML,iteration_3,3,20260831,2290.0,1800,0.2,0.5,0.5,2536,130.95379099831916,0.7,0.7,0.16712667847541565,0.799571697991061,0.2326353092953521,0.0,0.18610824743628168,True,0.15,32,False,False,False,0.0,0.2326353092953521,0.5112402362354734,0.4,70.0,0.4,70.0,0.15446972846984863,0.8348731994628906,0.369165555343875,0.8,65.0,0.8,65.0,0.17224659025669098,0.7725277543067932,0.11959420842065155,0.2,90.0,0.2,90.0,0.20542825758457184,0.7321448922157288
SCOPE,RT_OPT_ML,iteration_3,3,20260831,2350.0,1800,0.2,0.5,0.5,2536,99.41925000748597,0.7,0.7,0.16646508711618566,0.79186656211456,0.22874909856127534,0.0,0.18299927884902029,True,0.15,32,False,False,False,0.0,0.22874909856127534,0.5114602854259767,0.4,70.0,0.4,70.0,0.15324833989143372,0.8213822841644287,0.3674499062995531,0.8,65.0,0.8,65.0,0.1708509624004364,0.7701530456542969,0.12108980827447023,0.2,90.0,0.2,90.0,0.20898106694221497,0.733087956905365
SCOPE,RT_OPT_ML,iteration_3,3,20260831,2410.0,1800,0.2,0.5,0.5,2536,102.43004199583083,0.7,0.7,0.14973917120963995,0.772749773222486,0.20885077679496045,0.0,0.16708062143596836,True,0.15,32,False,False,False,0.0,0.20885077679496045,0.5123072502633848,0.4,70.0,0.4,70.0,0.14152760803699493,0.8099384903907776,0.3650991284359736,0.8,65.0,0.8,65.0,0.15079499781131744,0.7337741255760193,0.1225936213006417,0.2,90.0,0.2,90.0,0.1809101402759552,0.733415961265564
SCOPE,RT_OPT_ML,iteration_3,3,20260831,2470.0,1800,0.2,0.5,0.5,2536,97.45462500723079,0.7,0.7,0.16097120314852156,0.7965243714574494,0.22709092814253024,0.0,0.1816727425140242,True,0.15,32,False,False,False,0.0,0.22709092814253024,0.5139200611241106,0.4,70.0,0.4,70.0,0.15431450307369232,0.8322982788085938,0.3618260828040686,0.8,65.0,0.8,65.0,0.16224494576454163,0.769064724445343,0.12425385607182084,0.2,90.0,0.2,90.0,0.18479451537132263,0.7285239696502686
SCOPE,RT_OPT_ML,iteration_3,3,20260831,2530.0,1800,0.2,0.5,0.5,2536,112.80037500546314,0.7,0.7,0.1399705636778637,0.7912639117224762,0.2104657833891782,0.0,0.16837262671134257,True,0.15,32,False,False,False,0.0,0.2104657833891782,0.5161539949700136,0.4,70.0,0.4,70.0,0.1291484385728836,0.8279786109924316,0.3643838266589282,0.8,65.0,0.8,65.0,0.1419227570295334,0.7598339915275574,0.11946217837105823,0.2,90.0,0.2,90.0,0.18077456951141357,0.728500247001648
SCOPE,RT_OPT_ML,iteration_3,3,20260831,2590.0,1800,0.2,0.5,0.5,2536,101.13462500157766,0.7,0.7,0.13950253076805874,0.7741212240004346,0.2025021770046334,0.0,0.16200174160370673,True,0.15,32,False,False,False,0.0,0.2025021770046334,0.5122842444348286,0.4,70.0,0.4,70.0,0.12363040447235107,0.8055716156959534,0.36314245877205636,0.8,65.0,0.8,65.0,0.14710988104343414,0.7497726678848267,0.12457329679311506,0.2,90.0,0.2,90.0,0.1825975477695465,0.715765655040741
SCOPE,RT_OPT_ML,iteration_3,3,20260831,2650.0,1800,0.2,0.5,0.5,2536,100.72679100267123,0.7,0.7,0.14407932707680032,0.7947379962751809,0.21480886185091735,0.0,0.1718470894807339,True,0.15,32,False,False,False,0.0,0.21480886185091735,0.5128842568245925,0.4,70.0,0.4,70.0,0.13580894470214844,0.8355191349983215,0.362958359229335,0.8,65.0,0.8,65.0,0.14687560498714447,0.7613397240638733,0.12415738394607258,0.2,90.0,0.2,90.0,0.17006905376911163,0.7239099740982056
SCOPE,RT_OPT_ML,iteration_3,3,20260831,2710.0,1800,0.2,0.5,0.5,2536,95.89370900357608,0.7,0.7,0.1597393975923063,0.799645049231393,0.22764515517334832,0.0,0.18211612413867867,True,0.15,32,False,False,False,0.0,0.22764515517334832,0.5194456433127128,0.4,70.0,0.4,70.0,0.15353579819202423,0.8318254947662354,0.36047571092888314,0.8,65.0,0.8,65.0,0.15650594234466553,0.7792103290557861,0.12007864575840407,0.2,90.0,0.2,90.0,0.19628223776817322,0.721781313419342
SCOPE,RT_OPT_ML,iteration_3,3,20260831,2770.0,1800,0.2,0.5,0.5,2536,110.55312500684522,0.7,0.7,0.15499712069908222,0.788957582875105,0.21965427182926317,0.0,0.17572341746341055,True,0.15,32,False,False,False,0.0,0.21965427182926317,0.5119640122511485,0.4,70.0,0.4,70.0,0.1458541750907898,0.8279258012771606,0.36384954058192953,0.8,65.0,0.8,65.0,0.15847690403461456,0.7506459355354309,0.1241864471669219,0.2,90.0,0.2,90.0,0.18249401450157166,0.7405573725700378
SCOPE,RT_OPT_ML,iteration_3,3,20260831,2830.0,1800,0.2,0.5,0.5,2536,118.41195799934212,0.7,0.7,0.1521858157390388,0.7910208479167016,0.21866295282482617,0.0,0.17493036225986094,True,0.15,32,False,False,False,0.0,0.21866295282482617,0.5104657374581127,0.4,70.0,0.4,70.0,0.1450643092393875,0.8328395485877991,0.36817055995337766,0.8,65.0,0.8,65.0,0.15355467796325684,0.7565868496894836,0.12136370258850954,0.2,90.0,0.2,90.0,0.17798686027526855,0.7195873856544495
SCOPE,RT_OPT_ML,iteration_3,3,20260831,2890.0,1800,0.2,0.5,0.5,2536,110.3110420081066,0.7,0.7,0.1482317203661725,0.7958315842300954,0.2181199409739213,0.0,0.17449595277913704,True,0.15,32,False,False,False,0.0,0.2181199409739213,0.5124485301158671,0.4,70.0,0.4,70.0,0.14049838483333588,0.830385684967041,0.3637843531552236,0.8,65.0,0.8,65.0,0.14815853536128998,0.7707714438438416,0.12376711672890932,0.2,90.0,0.2,90.0,0.18046613037586212,0.7264212965965271
SCOPE,RT_OPT_ML,iteration_3,3,20260831,2950.0,1800,0.2,0.5,0.5,2536,110.38591699616518,0.7,0.7,0.16651683183595414,0.797301103125313,0.23120800315313017,0.0,0.18496640252250415,True,0.15,32,False,False,False,0.0,0.23120800315313017,0.5129118010063609,0.4,70.0,0.4,70.0,0.15808595716953278,0.8381708860397339,0.36072344061520933,0.8,65.0,0.8,65.0,0.1705951988697052,0.7646777629852295,0.1263647583784297,0.2,90.0,0.2,90.0,0.1890953779220581,0.7245388031005859
SCOPE,RT_OPT_ML,iteration_3,3,20260831,3010.0,1800,0.2,0.5,0.5,2536,104.963666992262,0.7,0.7,0.14864337708313097,0.7934116024953112,0.21732056603414485,0.0,0.17385645282731588,True,0.15,32,False,False,False,0.0,0.21732056603414485,0.5080358002117217,0.4,70.0,0.4,70.0,0.13955189287662506,0.8350992202758789,0.3684919641997883,0.8,65.0,0.8,65.0,0.1485593020915985,0.759975790977478,0.12347223558849003,0.2,90.0,0.2,90.0,0.18630188703536987,0.7216709852218628
SCOPE,RT_OPT_ML,iteration_3,3,20260831,3070.0,1800,0.2,0.5,0.5,2536,124.50166599592194,0.7,0.7,0.15549576368683574,0.7793031638030308,0.21568759426089618,0.0,0.17255007540871695,True,0.15,32,False,False,False,0.0,0.21568759426089618,0.5139506289605599,0.4,70.0,0.4,70.0,0.14513088762760162,0.8087829351425171,0.3626690627068949,0.8,65.0,0.8,65.0,0.15972666442394257,0.7584012746810913,0.12338030833254517,0.2,90.0,0.2,90.0,0.18623501062393188,0.7179426550865173
SCOPE,RT_OPT_ML,iteration_3,3,20260831,3130.0,1800,0.2,0.5,0.5,2536,92.00920799048617,0.7,0.7,0.1485599017483815,0.7916410225635208,0.21647415689574198,0.0,0.1731793255165936,True,0.15,32,False,False,False,0.0,0.21647415689574198,0.5166213573711069,0.4,70.0,0.4,70.0,0.1419687122106552,0.8314505219459534,0.3585634568607812,0.8,65.0,0.8,65.0,0.14848056435585022,0.7604749202728271,0.12481518576811179,0.2,90.0,0.2,90.0,0.17606934905052185,0.7163984775543213
SCOPE,RT_OPT_ML,iteration_3,3,20260831,3190.0,1800,0.2,0.5,0.5,2536,128.99104099778924,0.7,0.7,0.1554429911790203,0.7809828798760274,0.2164008398999494,0.0,0.17312067191995953,True,0.15,32,False,False,False,0.0,0.2164008398999494,0.5156531638364481,0.4,70.0,0.4,70.0,0.14509186148643494,0.8116368055343628,0.36395977611232333,0.8,65.0,0.8,65.0,0.16031736135482788,0.753699779510498,0.12038706005122854,0.2,90.0,0.2,90.0,0.18504349887371063,0.7321666479110718
SCOPE,RT_OPT_ML,iteration_3,3,20260831,3250.0,1800,0.2,0.5,0.5,2536,109.05704199103639,0.7,0.7,0.1419874725387558,0.7862173638615501,0.20958646684614468,0.0,0.16766917347691576,True,0.15,32,False,False,False,0.0,0.20958646684614468,0.512071463061323,0.4,70.0,0.4,70.0,0.1301274448633194,0.8303501009941101,0.3660067600193143,0.8,65.0,0.8,65.0,0.14485807716846466,0.7419216632843018,0.12192177691936262,0.2,90.0,0.2,90.0,0.18318209052085876,0.7338346838951111
SCOPE,RT_OPT_ML,iteration_3,3,20260831,3310.0,1800,0.2,0.5,0.5,2536,118.61887499981094,0.7,0.7,0.15169030792218388,0.7899006641447853,0.21782645522570918,0.0,0.17426116418056736,True,0.15,32,False,False,False,0.0,0.21782645522570918,0.5153934962478353,0.4,70.0,0.4,70.0,0.1426353007555008,0.821966826915741,0.3630940927458149,0.8,65.0,0.8,65.0,0.15089285373687744,0.767651379108429,0.12151241100634981,0.2,90.0,0.2,90.0,0.1924799084663391,0.7203760147094727
SCOPE,RT_OPT_ML,iteration_3,3,20260831,3370.0,1800,0.2,0.5,0.5,2536,100.48137500416487,0.7,0.7,0.1466565094946614,0.7947888195307964,0.2165838436571168,0.0,0.17326707492569346,True,0.15,32,False,False,False,0.0,0.2165838436571168,0.5138011306950448,0.4,70.0,0.4,70.0,0.1396193504333496,0.8364002108573914,0.36301011924556986,0.8,65.0,0.8,65.0,0.1479639708995819,0.7568825483322144,0.12318875005938525,0.2,90.0,0.2,90.0,0.17215460538864136,0.7329356074333191
SCOPE,RT_OPT_ML,iteration_3,3,20260831,3430.0,1800,0.2,0.5,0.5,2536,116.83883301157039,0.7,0.7,0.1573880857591592,0.8035690289504919,0.2277964514781339,0.0,0.18223716118250713,True,0.15,32,False,False,False,0.0,0.2277964514781339,0.5154128352946782,0.4,70.0,0.4,70.0,0.15129275619983673,0.8463783860206604,0.3609509743198818,0.8,65.0,0.8,65.0,0.1549883782863617,0.7677087187767029,0.12363619038543999,0.2,90.0,0.2,90.0,0.1898040622472763,0.7297987341880798
SCOPE,RT_OPT_ML,iteration_3,3,20260831,3490.0,1800,0.2,0.5,0.5,2536,224.75608300010208,0.7,0.7,0.1524764409236079,0.793797056660482,0.2200987052649085,0.0,0.17607896421192681,True,0.15,32,False,False,False,0.0,0.2200987052649085,0.5113959427552643,0.4,70.0,0.4,70.0,0.14149583876132965,0.8290923833847046,0.36433286753722355,0.8,65.0,0.8,65.0,0.1557149440050125,0.7695187926292419,0.12427118970751216,0.2,90.0,0.2,90.0,0.18816888332366943,0.7197290658950806
SCOPE,RT_OPT_ML,iteration_3,3,20260831,3550.0,1800,0.2,0.5,0.5,2536,839.3448749993695,0.7,0.7,0.1414217557677756,0.8065852422849417,0.21828557645338775,0.0,0.17462846116271022,True,0.15,32,False,False,False,0.0,0.21828557645338775,0.5103464986673129,0.4,70.0,0.4,70.0,0.13405045866966248,0.8484491109848022,0.36903319602616913,0.8,65.0,0.8,65.0,0.14208486676216125,0.7701549530029297,0.12062030530651806,0.2,90.0,0.2,90.0,0.17058107256889343,0.7409155964851379
