variant,policy,run_id,iteration,simulation_seed,timestamp,num_devices,lambda,w_failure,w_service,candidate_count,catalogue_fraction,catalogue_subset_seed,full_catalogue_count,selected_catalogue_count,catalogue_sha256,optimizer_time_ms,previous_alpha,selected_alpha,weighted_predicted_failure_rate,weighted_predicted_dnst,performance_cost,reconfiguration_cost,joint_cost,hard_stability_enabled,r_max,feasible_candidate_count,constraint_active,reconfigured,stability_violation,unconstrained_reconfiguration_cost,unconstrained_performance_cost,app_weight_0,previous_w_load_0,previous_threshold_0,selected_w_load_0,selected_threshold_0,predicted_failure_rate_0,predicted_dnst_0,app_weight_1,previous_w_load_1,previous_threshold_1,selected_w_load_1,selected_threshold_1,predicted_failure_rate_1,predicted_dnst_1,app_weight_2,previous_w_load_2,previous_threshold_2,selected_w_load_2,selected_threshold_2,predicted_failure_rate_2,predicted_dnst_2
SCOPE,RT_OPT_ML,iteration_5,5,20260833,70.0,1800,0.2,0.5,0.5,635,0.25,2,2536,634,87c2a7edac687f8a33319cc9ec2d7067b176682a18e106ac84d349ee4e584c07,78.81662499858066,0.6,0.6,0.1588889294834228,0.7471239154735566,0.20364327597277718,0.0,0.16291462077822175,True,0.15,8,True,False,False,0.1634920634920635,0.1258219044316537,0.506113769271664,0.5,85.0,0.5,85.0,0.15588825941085815,0.7500383257865906,0.3666135034556087,0.7,80.0,0.7,80.0,0.15644991397857666,0.7380083799362183,0.12727272727272726,0.4,90.0,0.4,90.0,0.17784708738327026,0.7617920637130737
SCOPE,RT_OPT_ML,iteration_5,5,20260833,130.0,1800,0.2,0.5,0.5,635,0.25,2,2536,634,87c2a7edac687f8a33319cc9ec2d7067b176682a18e106ac84d349ee4e584c07,68.0737090006005,0.6,0.6,0.26830814476443515,0.7726882520316586,0.2894424832517293,0.0,0.23155398660138343,True,0.15,8,True,False,False,0.1634920634920635,0.18457276100147324,0.5061620572537603,0.5,85.0,0.5,85.0,0.2584403157234192,0.7914620637893677,0.3660844250363901,0.7,80.0,0.7,80.0,0.27460259199142456,0.7582409381866455,0.12775351770984958,0.4,90.0,0.4,90.0,0.2893676161766052,0.7397055625915527
SCOPE,RT_OPT_ML,iteration_5,5,20260833,190.0,1800,0.2,0.5,0.5,635,0.25,2,2536,634,87c2a7edac687f8a33319cc9ec2d7067b176682a18e106ac84d349ee4e584c07,68.52887500281213,0.6,0.6,0.2703244979758927,0.7933745580927578,0.30003924532107806,0.0,0.24003139625686246,True,0.15,8,True,False,False,0.1634920634920635,0.19444755467763436,0.512861658157063,0.5,85.0,0.5,85.0,0.2607268989086151,0.8117895722389221,0.362703622659859,0.7,80.0,0.7,80.0,0.27474528551101685,0.7838554978370667,0.12443471918307805,0.4,90.0,0.4,90.0,0.2969955503940582,0.7452227473258972
SCOPE,RT_OPT_ML,iteration_5,5,20260833,250.0,1800,0.2,0.5,0.5,635,0.25,2,2536,634,87c2a7edac687f8a33319cc9ec2d7067b176682a18e106ac84d349ee4e584c07,67.69237499975134,0.6,0.6,0.2841609709020505,0.7935222012415679,0.3095129881498597,0.0,0.24761039051988779,True,0.15,8,True,False,False,0.1634920634920635,0.20382024860843478,0.5048112147706736,0.5,85.0,0.5,85.0,0.2713920772075653,0.8136683702468872,0.370585649391882,0.7,80.0,0.7,80.0,0.2922993004322052,0.7754303216934204,0.12460313583744444,0.4,90.0,0.4,90.0,0.3116878271102905,0.7657105326652527
SCOPE,RT_OPT_ML,iteration_5,5,20260833,310.0,1800,0.2,0.5,0.5,635,0.25,2,2536,634,87c2a7edac687f8a33319cc9ec2d7067b176682a18e106ac84d349ee4e584c07,77.97587499953806,0.6,0.6,0.2890213340168551,0.7972673510325976,0.31448799616100837,0.0,0.2515903969288067,True,0.15,8,True,False,False,0.1634920634920635,0.2070003120109607,0.5034499396863691,0.5,85.0,0.5,85.0,0.2801763117313385,0.8213924765586853,0.36868516284680336,0.7,80.0,0.7,80.0,0.29527828097343445,0.7808905243873596,0.1278648974668275,0.4,90.0,0.4,90.0,0.30580610036849976,0.7494989633560181
SCOPE,RT_OPT_ML,iteration_5,5,20260833,370.0,1800,0.2,0.5,0.5,635,0.25,2,2536,634,87c2a7edac687f8a33319cc9ec2d7067b176682a18e106ac84d349ee4e584c07,148.98966700275196,0.6,0.6,0.28794658847337995,0.7878934926219626,0.30957664307218125,0.0,0.247661314457745,True,0.15,8,True,False,False,0.1634920634920635,0.2047771357531978,0.5162856172030484,0.5,85.0,0.5,85.0,0.2796596884727478,0.8074650168418884,0.35731275180816463,0.7,80.0,0.7,80.0,0.293369323015213,0.7778656482696533,0.12640163098878696,0.4,90.0,0.4,90.0,0.3064652979373932,0.7363006472587585
SCOPE,RT_OPT_ML,iteration_5,5,20260833,430.0,1800,0.2,0.5,0.5,635,0.25,2,2536,634,87c2a7edac687f8a33319cc9ec2d7067b176682a18e106ac84d349ee4e584c07,75.8404590014834,0.6,0.6,0.27686697836013446,0.7951080737364181,0.305260825174069,0.0,0.2442086601392552,True,0.15,8,True,False,False,0.1634920634920635,0.20283073906931126,0.5117214320745463,0.5,85.0,0.5,85.0,0.2661200761795044,0.8193359971046448,0.3600294261893085,0.7,80.0,0.7,80.0,0.28267574310302734,0.7756957411766052,0.12824914173614516,0.4,90.0,0.4,90.0,0.30344098806381226,0.7529328465461731
SCOPE,RT_OPT_ML,iteration_5,5,20260833,490.0,1800,0.2,0.5,0.5,635,0.25,2,2536,634,87c2a7edac687f8a33319cc9ec2d7067b176682a18e106ac84d349ee4e584c07,66.58804199832957,0.6,0.6,0.2750788984641637,0.7954733780393861,0.30420796793159205,0.0,0.24336637434527364,True,0.15,8,True,False,False,0.1634920634920635,0.20295596638313956,0.5046966731898239,0.5,85.0,0.5,85.0,0.2643968164920807,0.8173260688781738,0.36775929549902153,0.7,80.0,0.7,80.0,0.28195106983184814,0.7816875576972961,0.1275440313111546,0.4,90.0,0.4,90.0,0.29753315448760986,0.7487513422966003
SCOPE,RT_OPT_ML,iteration_5,5,20260833,550.0,1800,0.2,0.5,0.5,635,0.25,2,2536,634,87c2a7edac687f8a33319cc9ec2d7067b176682a18e106ac84d349ee4e584c07,66.08695800241549,0.6,0.6,0.2756771803989633,0.7839160018029859,0.2994603487487855,0.0,0.23956827899902844,True,0.15,8,True,False,False,0.1634920634920635,0.19587543763461382,0.5091218681585988,0.5,85.0,0.5,85.0,0.26691633462905884,0.803398609161377,0.3623935782048163,0.7,80.0,0.7,80.0,0.27959612011909485,0.7727924585342407,0.1284845536365848,0.4,90.0,0.4,90.0,0.299338698387146,0.7380900979042053
SCOPE,RT_OPT_ML,iteration_5,5,20260833,610.0,1800,0.2,0.5,0.5,635,0.25,2,2536,634,87c2a7edac687f8a33319cc9ec2d7067b176682a18e106ac84d349ee4e584c07,81.57704200129956,0.6,0.6,0.28433831110531105,0.7901116653683947,0.30811252142669265,0.0,0.24649001714135413,True,0.15,8,True,False,False,0.1634920634920635,0.20059815969663541,0.5053279890507381,0.5,85.0,0.5,85.0,0.2733417749404907,0.8136183619499207,0.36816893146935187,0.7,80.0,0.7,80.0,0.2910318076610565,0.7743389010429382,0.12650307947991005,0.4,90.0,0.4,90.0,0.30878451466560364,0.742116391658783
SCOPE,RT_OPT_ML,iteration_5,5,20260833,670.0,1800,0.2,0.5,0.5,635,0.25,2,2536,634,87c2a7edac687f8a33319cc9ec2d7067b176682a18e106ac84d349ee4e584c07,109.79512500489363,0.6,0.6,0.2792854280660675,0.7853738161550085,0.3025638838144672,0.0,0.24205110705157376,True,0.15,8,True,False,False,0.1634920634920635,0.19443280287828296,0.5064833390419338,0.5,85.0,0.5,85.0,0.2691434919834137,0.7996938824653625,0.36463277389049276,0.7,80.0,0.7,80.0,0.2853274941444397,0.784156084060669,0.1288838870675735,0.4,90.0,0.4,90.0,0.30204689502716064,0.732544481754303
SCOPE,RT_OPT_ML,iteration_5,5,20260833,730.0,1800,0.2,0.5,0.5,635,0.25,2,2536,634,87c2a7edac687f8a33319cc9ec2d7067b176682a18e106ac84d349ee4e584c07,72.75983299768995,0.6,0.6,0.2818138094148794,0.7887340388690225,0.3057816252617689,0.0,0.24462530020941511,True,0.15,8,True,False,False,0.1634920634920635,0.20249046582232977,0.5026286051196384,0.5,85.0,0.5,85.0,0.2707199156284332,0.8049328923225403,0.3736058566304722,0.7,80.0,0.7,80.0,0.2879234552383423,0.7786131501197815,0.12376553824988945,0.4,90.0,0.4,90.0,0.3084246814250946,0.7534998059272766
SCOPE,RT_OPT_ML,iteration_5,5,20260833,790.0,1800,0.2,0.5,0.5,635,0.25,2,2536,634,87c2a7edac687f8a33319cc9ec2d7067b176682a18e106ac84d349ee4e584c07,66.4215829965542,0.6,0.6,0.27868268019012254,0.7901457663130356,0.30428227095251315,0.0,0.24342581676201053,True,0.15,8,True,False,False,0.1634920634920635,0.20037197685704233,0.5088265330934202,0.5,85.0,0.5,85.0,0.2694758176803589,0.8135024905204773,0.3623498516753392,0.7,80.0,0.7,80.0,0.2832410931587219,0.7744214534759521,0.12882361523124058,0.4,90.0,0.4,90.0,0.30222615599632263,0.7421202659606934
SCOPE,RT_OPT_ML,iteration_5,5,20260833,850.0,1800,0.2,0.5,0.5,635,0.25,2,2536,634,87c2a7edac687f8a33319cc9ec2d7067b176682a18e106ac84d349ee4e584c07,71.14366700261598,0.6,0.6,0.2779788074472065,0.7897858737458829,0.30364317700168564,0.0,0.2429145416013485,True,0.15,8,True,False,False,0.1634920634920635,0.1975264163609947,0.5055767537422953,0.5,85.0,0.5,85.0,0.2673186659812927,0.8174809217453003,0.36473926230310144,0.7,80.0,0.7,80.0,0.28330984711647034,0.7693941593170166,0.12968398395460326,0.4,90.0,0.4,90.0,0.30454400181770325,0.739168107509613
SCOPE,RT_OPT_ML,iteration_5,5,20260833,910.0,1800,0.2,0.5,0.5,635,0.25,2,2536,634,87c2a7edac687f8a33319cc9ec2d7067b176682a18e106ac84d349ee4e584c07,92.96808300132398,0.6,0.6,0.2799204975570918,0.7857834557361397,0.3031783824577058,0.0,0.24254270596616465,True,0.15,8,True,False,False,0.1634920634920635,0.19880612854889892,0.49951028403525954,0.5,85.0,0.5,85.0,0.2673213481903076,0.8028681874275208,0.3743388834476004,0.7,80.0,0.7,80.0,0.2876957654953003,0.775978147983551,0.12615083251714007,0.4,90.0,0.4,90.0,0.30673617124557495,0.7472304701805115
SCOPE,RT_OPT_ML,iteration_5,5,20260833,970.0,1800,0.2,0.5,0.5,635,0.25,2,2536,634,87c2a7edac687f8a33319cc9ec2d7067b176682a18e106ac84d349ee4e584c07,73.3070830028737,0.6,0.6,0.2701311201266611,0.7876994526952203,0.29737675145789766,0.0,0.23790140116631814,True,0.15,8,True,False,False,0.1634920634920635,0.19306295603570733,0.5098518554735246,0.5,85.0,0.5,85.0,0.26097026467323303,0.8119795322418213,0.3596049479293991,0.7,80.0,0.7,80.0,0.2741001844406128,0.7746514081954956,0.13054319659707622,0.4,90.0,0.4,90.0,0.2949764132499695,0.7288139462471008
SCOPE,RT_OPT_ML,iteration_5,5,20260833,1030.0,1800,0.2,0.5,0.5,635,0.25,2,2536,634,87c2a7edac687f8a33319cc9ec2d7067b176682a18e106ac84d349ee4e584c07,71.15316699491814,0.6,0.6,0.2818241972309059,0.7924321668529478,0.307437996405715,0.0,0.245950397124572,True,0.15,8,True,False,False,0.1634920634920635,0.20470188783436505,0.5073655361425146,0.5,85.0,0.5,85.0,0.27148759365081787,0.8145835399627686,0.3681299858072726,0.7,80.0,0.7,80.0,0.28775373101234436,0.7755884528160095,0.12450447805021289,0.4,90.0,0.4,90.0,0.3064144551753998,0.7519664168357849
SCOPE,RT_OPT_ML,iteration_5,5,20260833,1090.0,1800,0.2,0.5,0.5,635,0.25,2,2536,634,87c2a7edac687f8a33319cc9ec2d7067b176682a18e106ac84d349ee4e584c07,71.78391599882161,0.6,0.6,0.2860477335140545,0.7865744309881476,0.3076972647756815,0.0,0.2461578118205452,True,0.15,8,True,False,False,0.1634920634920635,0.2023276825803739,0.5050693049909389,0.5,85.0,0.5,85.0,0.2768893837928772,0.8007692694664001,0.3689572415144243,0.7,80.0,0.7,80.0,0.2904330790042877,0.7782953977584839,0.12597345349463682,0.4,90.0,0.4,90.0,0.30992257595062256,0.7539106607437134
SCOPE,RT_OPT_ML,iteration_5,5,20260833,1150.0,1800,0.2,0.5,0.5,635,0.25,2,2536,634,87c2a7edac687f8a33319cc9ec2d7067b176682a18e106ac84d349ee4e584c07,131.5806659986265,0.6,0.6,0.28057091860863587,0.8032661017879671,0.311417617022642,0.0,0.2491340936181136,True,0.15,8,True,False,False,0.1634920634920635,0.20701043606671207,0.5081726534207693,0.5,85.0,0.5,85.0,0.2702575623989105,0.8194510340690613,0.36326710384653027,0.7,80.0,0.7,80.0,0.28658327460289,0.796134352684021,0.1285602427327004,0.4,90.0,0.4,90.0,0.3043486773967743,0.7594422101974487
SCOPE,RT_OPT_ML,iteration_5,5,20260833,1210.0,1800,0.2,0.5,0.5,635,0.25,2,2536,634,87c2a7edac687f8a33319cc9ec2d7067b176682a18e106ac84d349ee4e584c07,108.50858299818356,0.6,0.6,0.2839801437232356,0.7934202300043469,0.3093445598990576,0.0,0.24747564791924612,True,0.15,8,True,False,False,0.1634920634920635,0.20316574362429954,0.5035074045206547,0.5,85.0,0.5,85.0,0.27543264627456665,0.8179947733879089,0.36530592361652375,0.7,80.0,0.7,80.0,0.28944817185401917,0.7757947444915771,0.1311866718628215,0.4,90.0,0.4,90.0,0.3015598654747009,0.7481811046600342
SCOPE,RT_OPT_ML,iteration_5,5,20260833,1270.0,1800,0.2,0.5,0.5,635,0.25,2,2536,634,87c2a7edac687f8a33319cc9ec2d7067b176682a18e106ac84d349ee4e584c07,159.74637500039535,0.6,0.6,0.27823857654545525,0.7933417105710667,0.30540565143562837,0.0,0.2443245211485027,True,0.15,8,True,False,False,0.1634920634920635,0.19756652229446073,0.5116166034801205,0.5,85.0,0.5,85.0,0.2680417001247406,0.8080165982246399,0.36147564887722367,0.7,80.0,0.7,80.0,0.2846488654613495,0.7887637615203857,0.12690774764265578,0.4,90.0,0.4,90.0,0.3010876774787903,0.7472208142280579
SCOPE,RT_OPT_ML,iteration_5,5,20260833,1330.0,1800,0.2,0.5,0.5,635,0.25,2,2536,634,87c2a7edac687f8a33319cc9ec2d7067b176682a18e106ac84d349ee4e584c07,117.18545800249558,0.6,0.6,0.2754385114856678,0.7954478150173205,0.3044410805424382,0.0,0.24355286443395055,True,0.15,8,True,False,False,0.1634920634920635,0.1953925438423526,0.5092302501566491,0.5,85.0,0.5,85.0,0.2614937722682953,0.8189241290092468,0.36034125415722756,0.7,80.0,0.7,80.0,0.28660905361175537,0.7851092219352722,0.1304284956861233,0.4,90.0,0.4,90.0,0.2990213632583618,0.7323524951934814
SCOPE,RT_OPT_ML,iteration_5,5,20260833,1390.0,1800,0.2,0.5,0.5,635,0.25,2,2536,634,87c2a7edac687f8a33319cc9ec2d7067b176682a18e106ac84d349ee4e584c07,84.35050000116462,0.6,0.6,0.2783257532388406,0.7792092979805729,0.2991620875868679,0.0,0.23932967006949435,True,0.15,8,True,False,False,0.1634920634920635,0.1937958715122619,0.5049223047968343,0.5,85.0,0.5,85.0,0.26472118496894836,0.7844244241714478,0.36878679664125086,0.7,80.0,0.7,80.0,0.2880299389362335,0.7846525311470032,0.12629089856191486,0.4,90.0,0.4,90.0,0.30438047647476196,0.7424637675285339
SCOPE,RT_OPT_ML,iteration_5,5,20260833,1450.0,1800,0.2,0.5,0.5,635,0.25,2,2536,634,87c2a7edac687f8a33319cc9ec2d7067b176682a18e106ac84d349ee4e584c07,73.018040995521,0.6,0.6,0.27499372846787634,0.788717252549231,0.30113693002081227,0.0,0.24090954401664982,True,0.15,8,True,False,False,0.1634920634920635,0.19895136993427454,0.5087101193971423,0.5,85.0,0.5,85.0,0.26473334431648254,0.812844455242157,0.36602074770013704,0.7,80.0,0.7,80.0,0.2830738127231598,0.7721019983291626,0.12526913290272068,0.4,90.0,0.4,90.0,0.29305151104927063,0.7392858862876892
SCOPE,RT_OPT_ML,iteration_5,5,20260833,1510.0,1800,0.2,0.5,0.5,635,0.25,2,2536,634,87c2a7edac687f8a33319cc9ec2d7067b176682a18e106ac84d349ee4e584c07,70.55241699708859,0.6,0.6,0.2793819791188141,0.7876686520520125,0.3036529936695306,0.0,0.24292239493562448,True,0.15,8,True,False,False,0.1634920634920635,0.19725650581261445,0.504571539733489,0.5,85.0,0.5,85.0,0.2682366967201233,0.8102149367332458,0.365820445481957,0.7,80.0,0.7,80.0,0.28559553623199463,0.7698506116867065,0.12960801478455403,0.4,90.0,0.4,90.0,0.305233359336853,0.7501863241195679
SCOPE,RT_OPT_ML,iteration_5,5,20260833,1570.0,1800,0.2,0.5,0.5,635,0.25,2,2536,634,87c2a7edac687f8a33319cc9ec2d7067b176682a18e106ac84d349ee4e584c07,68.03416700131493,0.6,0.6,0.27918302587553995,0.7886131475880489,0.3039389489402603,0.0,0.24315115915220825,True,0.15,8,True,False,False,0.1634920634920635,0.19977042015619215,0.5125175536293642,0.5,85.0,0.5,85.0,0.2699854373931885,0.8070298433303833,0.3616774006101399,0.7,80.0,0.7,80.0,0.2844680845737457,0.782304048538208,0.12580504576049586,0.4,90.0,0.4,90.0,0.30145907402038574,0.7317233681678772
SCOPE,RT_OPT_ML,iteration_5,5,20260833,1630.0,1800,0.2,0.5,0.5,635,0.25,2,2536,634,87c2a7edac687f8a33319cc9ec2d7067b176682a18e106ac84d349ee4e584c07,68.17537499591708,0.6,0.6,0.27434170549508197,0.7972431430417943,0.3044960128743843,0.0,0.24359681029950747,True,0.15,8,True,False,False,0.1634920634920635,0.19823376496369807,0.5106601970298486,0.5,85.0,0.5,85.0,0.263292521238327,0.8198654651641846,0.36043719060922413,0.7,80.0,0.7,80.0,0.2803119122982025,0.7815841436386108,0.12890261236092732,0.4,90.0,0.4,90.0,0.3014202415943146,0.7514082789421082
SCOPE,RT_OPT_ML,iteration_5,5,20260833,1690.0,1800,0.2,0.5,0.5,635,0.25,2,2536,634,87c2a7edac687f8a33319cc9ec2d7067b176682a18e106ac84d349ee4e584c07,73.86183400376467,0.6,0.6,0.27857748712314323,0.7907226899160973,0.3044680455889058,0.0,0.24357443647112464,True,0.15,8,True,False,False,0.1634920634920635,0.20058398740620184,0.501047503045067,0.5,85.0,0.5,85.0,0.26608139276504517,0.8157254457473755,0.368721071863581,0.7,80.0,0.7,80.0,0.2865856885910034,0.7686429023742676,0.13023142509135202,0.4,90.0,0.4,90.0,0.30398106575012207,0.7570419907569885
SCOPE,RT_OPT_ML,iteration_5,5,20260833,1750.0,1800,0.2,0.5,0.5,635,0.25,2,2536,634,87c2a7edac687f8a33319cc9ec2d7067b176682a18e106ac84d349ee4e584c07,66.53258299775189,0.6,0.6,0.2845670605361409,0.7930477390825684,0.30957749971677956,0.0,0.24766199977342365,True,0.15,8,True,False,False,0.1634920634920635,0.20362673697208936,0.5047460612584401,0.5,85.0,0.5,85.0,0.2759527564048767,0.8110407590866089,0.36808885409531267,0.7,80.0,0.7,80.0,0.2897047698497772,0.7839289903640747,0.12716508464624718,0.4,90.0,0.4,90.0,0.30388763546943665,0.7480244040489197
SCOPE,RT_OPT_ML,iteration_5,5,20260833,1810.0,1800,0.2,0.5,0.5,635,0.25,2,2536,634,87c2a7edac687f8a33319cc9ec2d7067b176682a18e106ac84d349ee4e584c07,130.8838749973802,0.6,0.6,0.27305986083046946,0.7829998777846641,0.29727216549672153,0.0,0.23781773239737725,True,0.15,8,True,False,False,0.1634920634920635,0.19295759079365843,0.5054987834549879,0.5,85.0,0.5,85.0,0.2625514566898346,0.8048006296157837,0.36715328467153285,0.7,80.0,0.7,80.0,0.279822438955307,0.7669142484664917,0.12734793187347931,0.4,90.0,0.4,90.0,0.2952752411365509,0.7428393363952637
SCOPE,RT_OPT_ML,iteration_5,5,20260833,1870.0,1800,0.2,0.5,0.5,635,0.25,2,2536,634,87c2a7edac687f8a33319cc9ec2d7067b176682a18e106ac84d349ee4e584c07,80.48116700229002,0.6,0.6,0.2791673429001551,0.7853508960269852,0.30247337160404936,0.0,0.2419786972832395,True,0.15,8,True,False,False,0.1634920634920635,0.19870887588742464,0.5048713101643159,0.5,85.0,0.5,85.0,0.26910272240638733,0.7910403609275818,0.36789297658862874,0.7,80.0,0.7,80.0,0.285053014755249,0.7907527089118958,0.1272357132470554,0.4,90.0,0.4,90.0,0.3020857572555542,0.7471561431884766
SCOPE,RT_OPT_ML,iteration_5,5,20260833,1930.0,1800,0.2,0.5,0.5,635,0.25,2,2536,634,87c2a7edac687f8a33319cc9ec2d7067b176682a18e106ac84d349ee4e584c07,77.39587499963818,0.6,0.6,0.2799433633181349,0.787135530002908,0.3037969339724742,0.0,0.24303754717797937,True,0.15,8,True,False,False,0.1634920634920635,0.20019874084543002,0.5080352768250858,0.5,85.0,0.5,85.0,0.2706765830516815,0.8005720973014832,0.3671239588437041,0.7,80.0,0.7,80.0,0.2844194173812866,0.785392701625824,0.12484076433121019,0.4,90.0,0.4,90.0,0.3044913113117218,0.7375810742378235
SCOPE,RT_OPT_ML,iteration_5,5,20260833,1990.0,1800,0.2,0.5,0.5,635,0.25,2,2536,634,87c2a7edac687f8a33319cc9ec2d7067b176682a18e106ac84d349ee4e584c07,70.01283299905481,0.6,0.6,0.2789576284752177,0.7850341444491504,0.30218951319291715,0.0,0.24175161055433372,True,0.15,8,True,False,False,0.1634920634920635,0.19620777788569538,0.5090129591737309,0.5,85.0,0.5,85.0,0.26854342222213745,0.8088096976280212,0.3657312676605281,0.7,80.0,0.7,80.0,0.2853887975215912,0.7663801908493042,0.12525577316574102,0.4,90.0,0.4,90.0,0.30250054597854614,0.7428825497627258
SCOPE,RT_OPT_ML,iteration_5,5,20260833,2050.0,1800,0.2,0.5,0.5,635,0.25,2,2536,634,87c2a7edac687f8a33319cc9ec2d7067b176682a18e106ac84d349ee4e584c07,70.43279199569952,0.6,0.6,0.2752904391007151,0.7851010783119217,0.29972591583685126,0.0,0.23978073266948102,True,0.15,8,True,False,False,0.1634920634920635,0.19056663436545546,0.5116643795334248,0.5,85.0,0.5,85.0,0.2667061388492584,0.8135340213775635,0.36120368555185256,0.7,80.0,0.7,80.0,0.28026020526885986,0.7653263211250305,0.1271319349147226,0.4,90.0,0.4,90.0,0.2957194745540619,0.7268512845039368
SCOPE,RT_OPT_ML,iteration_5,5,20260833,2110.0,1800,0.2,0.5,0.5,635,0.25,2,2536,634,87c2a7edac687f8a33319cc9ec2d7067b176682a18e106ac84d349ee4e584c07,70.04062500345754,0.6,0.6,0.28533722011111273,0.7837086932041979,0.3059360872480463,0.0,0.24474886979843702,True,0.15,8,True,False,False,0.1634920634920635,0.20076258973081396,0.5064522342064715,0.5,85.0,0.5,85.0,0.27562010288238525,0.8003910183906555,0.3648882896764253,0.7,80.0,0.7,80.0,0.29197439551353455,0.7717922329902649,0.12865947611710324,0.4,90.0,0.4,90.0,0.30476391315460205,0.7518367767333984
SCOPE,RT_OPT_ML,iteration_5,5,20260833,2170.0,1800,0.2,0.5,0.5,635,0.25,2,2536,634,87c2a7edac687f8a33319cc9ec2d7067b176682a18e106ac84d349ee4e584c07,68.44479199935449,0.6,0.6,0.27761414800558404,0.789105314181959,0.3030917133602828,0.0,0.24247337068822625,True,0.15,8,True,False,False,0.1634920634920635,0.19899505783283003,0.5049062469639561,0.5,85.0,0.5,85.0,0.2670852243900299,0.8119240999221802,0.3692315165646556,0.7,80.0,0.7,80.0,0.2851549983024597,0.7727470397949219,0.12586223647138833,0.4,90.0,0.4,90.0,0.2977297902107239,0.7455548644065857
SCOPE,RT_OPT_ML,iteration_5,5,20260833,2230.0,1800,0.2,0.5,0.5,635,0.25,2,2536,634,87c2a7edac687f8a33319cc9ec2d7067b176682a18e106ac84d349ee4e584c07,66.43995799822733,0.6,0.6,0.27806239188685317,0.7829353401393168,0.30064477650011134,0.0,0.24051582120008907,True,0.15,8,True,False,False,0.1634920634920635,0.19836001121168068,0.5027063929389964,0.5,85.0,0.5,85.0,0.26936402916908264,0.8025930523872375,0.36909348027502803,0.7,80.0,0.7,80.0,0.2820737659931183,0.7737288475036621,0.12820012678597553,0.4,90.0,0.4,90.0,0.30062204599380493,0.7323581576347351
SCOPE,RT_OPT_ML,iteration_5,5,20260833,2290.0,1800,0.2,0.5,0.5,635,0.25,2,2536,634,87c2a7edac687f8a33319cc9ec2d7067b176682a18e106ac84d349ee4e584c07,72.24437499826308,0.6,0.6,0.2880360373465125,0.7997372642500576,0.31491960213822345,0.0,0.2519356817105788,True,0.15,8,True,False,False,0.1634920634920635,0.20976696777615222,0.5033750733711603,0.5,85.0,0.5,85.0,0.2785196900367737,0.8255308866500854,0.36851888084523576,0.7,80.0,0.7,80.0,0.29469940066337585,0.783149242401123,0.128106045783604,0.4,90.0,0.4,90.0,0.3062609136104584,0.746103048324585
SCOPE,RT_OPT_ML,iteration_5,5,20260833,2350.0,1800,0.2,0.5,0.5,635,0.25,2,2536,634,87c2a7edac687f8a33319cc9ec2d7067b176682a18e106ac84d349ee4e584c07,67.56645800487604,0.6,0.6,0.2756044464219384,0.7785563951149828,0.297020592388873,0.0,0.2376164739110984,True,0.15,8,True,False,False,0.1634920634920635,0.1914945680168641,0.50301820660111,0.5,85.0,0.5,85.0,0.2651313841342926,0.7958211302757263,0.36870801285171845,0.7,80.0,0.7,80.0,0.2822047770023346,0.7701971530914307,0.12827378054717165,0.4,90.0,0.4,90.0,0.2977020740509033,0.7348814010620117
SCOPE,RT_OPT_ML,iteration_5,5,20260833,2410.0,1800,0.2,0.5,0.5,635,0.25,2,2536,634,87c2a7edac687f8a33319cc9ec2d7067b176682a18e106ac84d349ee4e584c07,68.58812500286149,0.6,0.6,0.28119118258638204,0.7877964787217969,0.30494014237540223,0.0,0.2439521139003218,True,0.15,8,True,False,False,0.1634920634920635,0.2006063903529468,0.5002444031674651,0.5,85.0,0.5,85.0,0.26995572447776794,0.8040278553962708,0.37022191807605825,0.7,80.0,0.7,80.0,0.2869241535663605,0.7794262170791626,0.12953367875647667,0.4,90.0,0.4,90.0,0.3081957697868347,0.7490358948707581
SCOPE,RT_OPT_ML,iteration_5,5,20260833,2470.0,1800,0.2,0.5,0.5,635,0.25,2,2536,634,87c2a7edac687f8a33319cc9ec2d7067b176682a18e106ac84d349ee4e584c07,92.94599999702768,0.6,0.6,0.27255287763832775,0.7882631605340263,0.29927479312023125,0.0,0.239419834496185,True,0.15,8,True,False,False,0.1634920634920635,0.19764953739056174,0.5005624847150892,0.5,85.0,0.5,85.0,0.25998586416244507,0.80926913022995,0.36874541452677917,0.7,80.0,0.7,80.0,0.27988460659980774,0.7729983925819397,0.13069210075813156,0.4,90.0,0.4,90.0,0.29999932646751404,0.7508776783943176
SCOPE,RT_OPT_ML,iteration_5,5,20260833,2530.0,1800,0.2,0.5,0.5,635,0.25,2,2536,634,87c2a7edac687f8a33319cc9ec2d7067b176682a18e106ac84d349ee4e584c07,68.6468749991036,0.6,0.6,0.2799888516415957,0.7913020438305928,0.3056860640353469,0.0,0.24454885122827755,True,0.15,8,True,False,False,0.1634920634920635,0.2033505185412309,0.5030311848295261,0.5,85.0,0.5,85.0,0.2681807577610016,0.7988662719726562,0.3699985450312818,0.7,80.0,0.7,80.0,0.28808486461639404,0.7951706051826477,0.12697027013919202,0.4,90.0,0.4,90.0,0.30317795276641846,0.7500608563423157
SCOPE,RT_OPT_ML,iteration_5,5,20260833,2590.0,1800,0.2,0.5,0.5,635,0.25,2,2536,634,87c2a7edac687f8a33319cc9ec2d7067b176682a18e106ac84d349ee4e584c07,68.31795899779536,0.6,0.6,0.2823468354987163,0.7814397674565222,0.3028909154455658,0.0,0.24231273235645265,True,0.15,8,True,False,False,0.1634920634920635,0.20043776321783013,0.5063725490196078,0.5,85.0,0.5,85.0,0.27293434739112854,0.7985137104988098,0.3667156862745098,0.7,80.0,0.7,80.0,0.2900297939777374,0.7750713229179382,0.12691176470588236,0.4,90.0,0.4,90.0,0.2977021038532257,0.7317172884941101
SCOPE,RT_OPT_ML,iteration_5,5,20260833,2650.0,1800,0.2,0.5,0.5,635,0.25,2,2536,634,87c2a7edac687f8a33319cc9ec2d7067b176682a18e106ac84d349ee4e584c07,66.9682500010822,0.6,0.6,0.2790720873838325,0.7923083409956181,0.3055115173575731,0.0,0.2444092138860585,True,0.15,8,True,False,False,0.1634920634920635,0.19956151677334255,0.5086219602063375,0.5,85.0,0.5,85.0,0.27101463079452515,0.8175193071365356,0.3591255219847703,0.7,80.0,0.7,80.0,0.2827299237251282,0.7742357850074768,0.13225251780889216,0.4,90.0,0.4,90.0,0.3001270890235901,0.7444261908531189
SCOPE,RT_OPT_ML,iteration_5,5,20260833,2710.0,1800,0.2,0.5,0.5,635,0.25,2,2536,634,87c2a7edac687f8a33319cc9ec2d7067b176682a18e106ac84d349ee4e584c07,86.03537500312086,0.6,0.6,0.27232606866555464,0.78123809379908,0.29598750632102644,0.0,0.23679000505682116,True,0.15,8,True,False,False,0.1634920634920635,0.19477110630462396,0.5016771182732973,0.5,85.0,0.5,85.0,0.26016077399253845,0.8018983602523804,0.36930630499246514,0.7,80.0,0.7,80.0,0.28054288029670715,0.7705371975898743,0.12901657673423753,0.4,90.0,0.4,90.0,0.296110063791275,0.7315322756767273
SCOPE,RT_OPT_ML,iteration_5,5,20260833,2770.0,1800,0.2,0.5,0.5,635,0.25,2,2536,634,87c2a7edac687f8a33319cc9ec2d7067b176682a18e106ac84d349ee4e584c07,66.64320799609413,0.6,0.6,0.28383164631119284,0.779356518707167,0.3029713927973694,0.0,0.24237711423789554,True,0.15,8,True,False,False,0.1634920634920635,0.19688721281459565,0.5001456027955736,0.5,85.0,0.5,85.0,0.27325037121772766,0.7969023585319519,0.3712871287128713,0.7,80.0,0.7,80.0,0.28960713744163513,0.7632309198379517,0.12856726849155503,0.4,90.0,0.4,90.0,0.3083154261112213,0.7576694488525391
SCOPE,RT_OPT_ML,iteration_5,5,20260833,2830.0,1800,0.2,0.5,0.5,635,0.25,2,2536,634,87c2a7edac687f8a33319cc9ec2d7067b176682a18e106ac84d349ee4e584c07,67.9261659970507,0.6,0.6,0.28558478068327026,0.7900067839165135,0.30891326367049143,0.0,0.24713061093639316,True,0.15,8,True,False,False,0.1634920634920635,0.20456063293148866,0.5042214804633811,0.5,85.0,0.5,85.0,0.2779988646507263,0.8041173219680786,0.3692322795994502,0.7,80.0,0.7,80.0,0.29024121165275574,0.786256730556488,0.12654623993716865,0.4,90.0,0.4,90.0,0.30222436785697937,0.7447253465652466
SCOPE,RT_OPT_ML,iteration_5,5,20260833,2890.0,1800,0.2,0.5,0.5,635,0.25,2,2536,634,87c2a7edac687f8a33319cc9ec2d7067b176682a18e106ac84d349ee4e584c07,66.54245900426758,0.6,0.6,0.28868326922910154,0.7918112172663904,0.3118247826207792,0.0,0.24945982609662334,True,0.15,8,True,False,False,0.1634920634920635,0.2059429435676211,0.5079788524033565,0.5,85.0,0.5,85.0,0.2790556252002716,0.8110193014144897,0.366542173934132,0.7,80.0,0.7,80.0,0.29485708475112915,0.7787629961967468,0.1254789736625115,0.4,90.0,0.4,90.0,0.30962443351745605,0.7521665096282959
SCOPE,RT_OPT_ML,iteration_5,5,20260833,2950.0,1800,0.2,0.5,0.5,635,0.25,2,2536,634,87c2a7edac687f8a33319cc9ec2d7067b176682a18e106ac84d349ee4e584c07,71.95487499848241,0.6,0.6,0.282099028757732,0.78658974267048,0.3050192326825394,0.0,0.24401538614603152,True,0.15,8,True,False,False,0.1634920634920635,0.19847202774845246,0.5085406341721599,0.5,85.0,0.5,85.0,0.2725607454776764,0.7967721819877625,0.3657316075638743,0.7,80.0,0.7,80.0,0.2884479761123657,0.783014178276062,0.12572775826396573,0.4,90.0,0.4,90.0,0.3022106885910034,0.7558050751686096
SCOPE,RT_OPT_ML,iteration_5,5,20260833,3010.0,1800,0.2,0.5,0.5,635,0.25,2,2536,634,87c2a7edac687f8a33319cc9ec2d7067b176682a18e106ac84d349ee4e584c07,70.46845900185872,0.6,0.6,0.28210196405953464,0.7871577580829181,0.3052745546190016,0.0,0.2442196436952013,True,0.15,8,True,False,False,0.1634920634920635,0.19900517138753188,0.5047678674629166,0.5,85.0,0.5,85.0,0.2720218598842621,0.8034523129463196,0.3631766518975149,0.7,80.0,0.7,80.0,0.2894923985004425,0.7790874242782593,0.13205548063956848,0.4,90.0,0.4,90.0,0.300307035446167,0.747068464756012
SCOPE,RT_OPT_ML,iteration_5,5,20260833,3070.0,1800,0.2,0.5,0.5,635,0.25,2,2536,634,87c2a7edac687f8a33319cc9ec2d7067b176682a18e106ac84d349ee4e584c07,101.52925000147661,0.6,0.6,0.2811110800347212,0.7874405894384809,0.3047269567437933,0.0,0.24378156539503465,True,0.15,8,True,False,False,0.1634920634920635,0.19975706553818778,0.49987836325597235,0.5,85.0,0.5,85.0,0.27189910411834717,0.8086063265800476,0.3721597820269547,0.7,80.0,0.7,80.0,0.28649306297302246,0.7754138112068176,0.12796185471707294,0.4,90.0,0.4,90.0,0.30144456028938293,0.7397356629371643
SCOPE,RT_OPT_ML,iteration_5,5,20260833,3130.0,1800,0.2,0.5,0.5,635,0.25,2,2536,634,87c2a7edac687f8a33319cc9ec2d7067b176682a18e106ac84d349ee4e584c07,67.6907500019297,0.6,0.6,0.2835149984841646,0.7857875754931788,0.3056242452453868,0.0,0.24449939619630945,True,0.15,8,True,False,False,0.1634920634920635,0.1998087721436083,0.5015600624024961,0.5,85.0,0.5,85.0,0.27290409803390503,0.801333487033844,0.3684184867394696,0.7,80.0,0.7,80.0,0.2894543409347534,0.7776442170143127,0.13002145085803432,0.4,90.0,0.4,90.0,0.3076174855232239,0.7488933205604553
SCOPE,RT_OPT_ML,iteration_5,5,20260833,3190.0,1800,0.2,0.5,0.5,635,0.25,2,2536,634,87c2a7edac687f8a33319cc9ec2d7067b176682a18e106ac84d349ee4e584c07,70.10962500498863,0.6,0.6,0.28117816834157233,0.7860480259788386,0.3041515105531714,0.0,0.24332120844253713,True,0.15,8,True,False,False,0.1634920634920635,0.19896492918469866,0.5031013762357046,0.5,85.0,0.5,85.0,0.27019229531288147,0.7899580597877502,0.36974219810040704,0.7,80.0,0.7,80.0,0.2872859835624695,0.7897447347640991,0.12715642566388835,0.4,90.0,0.4,90.0,0.306884229183197,0.7598285675048828
SCOPE,RT_OPT_ML,iteration_5,5,20260833,3250.0,1800,0.2,0.5,0.5,635,0.25,2,2536,634,87c2a7edac687f8a33319cc9ec2d7067b176682a18e106ac84d349ee4e584c07,73.86795799538959,0.6,0.6,0.2739943660837198,0.7889562399462398,0.30056401368592606,0.0,0.24045121094874086,True,0.15,8,True,False,False,0.1634920634920635,0.19359427585624922,0.5082103411201251,0.5,85.0,0.5,85.0,0.2634376287460327,0.811703085899353,0.3638451764245919,0.7,80.0,0.7,80.0,0.27898600697517395,0.781823456287384,0.12794448245528298,0.4,90.0,0.4,90.0,0.3017318546772003,0.7188871502876282
SCOPE,RT_OPT_ML,iteration_5,5,20260833,3310.0,1800,0.2,0.5,0.5,635,0.25,2,2536,634,87c2a7edac687f8a33319cc9ec2d7067b176682a18e106ac84d349ee4e584c07,90.33179200196173,0.6,0.6,0.28757860974857546,0.7867124121207725,0.3087996979082322,0.0,0.24703975832658576,True,0.15,8,True,False,False,0.1634920634920635,0.20265203177435992,0.5021351789132675,0.5,85.0,0.5,85.0,0.2759779393672943,0.8103069067001343,0.3659254896186129,0.7,80.0,0.7,80.0,0.29508981108665466,0.7731846570968628,0.13193933146811956,0.4,90.0,0.4,90.0,0.310896635055542,0.7344347834587097
SCOPE,RT_OPT_ML,iteration_5,5,20260833,3370.0,1800,0.2,0.5,0.5,635,0.25,2,2536,634,87c2a7edac687f8a33319cc9ec2d7067b176682a18e106ac84d349ee4e584c07,206.60516600037226,0.6,0.6,0.2811980723221809,0.7843420958902382,0.30340422541911494,0.0,0.24272338033529195,True,0.15,8,True,False,False,0.1634920634920635,0.20316418268058553,0.5081871059191554,0.5,85.0,0.5,85.0,0.2721845507621765,0.8025572299957275,0.3673200058653893,0.7,80.0,0.7,80.0,0.2870148718357086,0.7717856764793396,0.1244928882154553,0.4,90.0,0.4,90.0,0.300829142332077,0.7470349669456482
SCOPE,RT_OPT_ML,iteration_5,5,20260833,3430.0,1800,0.2,0.5,0.5,635,0.25,2,2536,634,87c2a7edac687f8a33319cc9ec2d7067b176682a18e106ac84d349ee4e584c07,213.87274999869987,0.6,0.6,0.28246196580264993,0.7819103515175333,0.3031790697607315,0.0,0.2425432558085852,True,0.15,8,True,False,False,0.1634920634920635,0.19612650903574796,0.5059405460452936,0.5,85.0,0.5,85.0,0.2712770700454712,0.7973209023475647,0.3645797972940207,0.7,80.0,0.7,80.0,0.2895200252532959,0.7755682468414307,0.1294796566606857,0.4,90.0,0.4,90.0,0.306293249130249,0.7395514249801636
SCOPE,RT_OPT_ML,iteration_5,5,20260833,3490.0,1800,0.2,0.5,0.5,635,0.25,2,2536,634,87c2a7edac687f8a33319cc9ec2d7067b176682a18e106ac84d349ee4e584c07,73.5666249966016,0.6,0.6,0.26705753525491105,0.7809636685314815,0.29228285888424743,0.0,0.23382628710739795,True,0.15,8,True,False,False,0.1634920634920635,0.18653917443287055,0.5093695920889988,0.5,85.0,0.5,85.0,0.2561410367488861,0.8079447150230408,0.361433868974042,0.7,80.0,0.7,80.0,0.2715778946876526,0.7580183148384094,0.1291965389369592,0.4,90.0,0.4,90.0,0.2974509298801422,0.7387791275978088
SCOPE,RT_OPT_ML,iteration_5,5,20260833,3550.0,1800,0.2,0.5,0.5,635,0.25,2,2536,634,87c2a7edac687f8a33319cc9ec2d7067b176682a18e106ac84d349ee4e584c07,73.22912499512313,0.6,0.6,0.27791014955381566,0.7841816338699813,0.301097089478876,0.0,0.2408776715831008,True,0.15,8,True,False,False,0.1634920634920635,0.19877860795419683,0.503243111436235,0.5,85.0,0.5,85.0,0.2685297131538391,0.8011218309402466,0.3666910509631797,0.7,80.0,0.7,80.0,0.28401461243629456,0.7740775942802429,0.1300658376005852,0.4,90.0,0.4,90.0,0.29699423909187317,0.747123658657074
