60.00,38887,29043,9348,38887,29043,9348,0.0000,0.00,0.00,0.00
120.00,38887,29043,9348,0,0,0,1.5500,0.00,0.00,0.00
180.00,38887,29043,9348,0,0,0,1.4000,0.00,0.00,0.00
240.00,38887,29043,9348,0,0,0,2.5750,0.00,0.00,0.00
300.00,38887,29043,9348,0,0,0,1.9000,0.00,0.00,0.00
360.00,38887,29043,9348,0,0,0,1.6500,0.00,0.00,0.00
420.00,38887,29043,9348,0,0,0,1.4750,0.00,0.00,0.00
480.00,38887,29043,9348,0,0,0,2.0750,0.00,0.00,0.00
540.00,38887,29043,9348,0,0,0,1.8250,0.00,0.00,0.00
600.00,38887,29043,9348,0,0,0,2.2250,0.00,0.00,0.00
660.00,38887,29043,9348,0,0,0,5.1500,0.00,0.00,0.00
720.00,38887,29043,9348,0,0,0,7.8500,0.00,0.00,0.00
780.00,38887,29043,9348,0,0,0,6.7500,0.00,0.00,0.00
840.00,38887,29043,9348,0,0,0,7.0500,0.00,0.00,0.00
900.00,38887,29043,9348,0,0,0,5.2000,0.00,0.00,0.00
960.00,38887,29043,9348,0,0,0,6.3500,0.00,0.00,0.00
1020.00,38887,29043,9348,0,0,0,5.0500,0.00,0.00,0.00
1080.00,38887,29043,9348,0,0,0,4.1250,0.00,0.00,0.00
1140.00,38887,29043,9348,0,0,0,6.9500,0.00,0.00,0.00
1200.00,38887,29043,9348,0,0,0,4.3000,0.00,0.00,0.00
1260.00,38887,29043,9348,0,0,0,8.7250,0.00,0.00,0.00
1320.00,38887,29043,9348,0,0,0,7.4000,0.00,0.00,0.00
1380.00,38887,29043,9348,0,0,0,4.6000,0.00,0.00,0.00
1440.00,38887,29043,9348,0,0,0,8.6500,0.00,0.00,0.00
1500.00,38887,29043,9348,0,0,0,5.8000,0.00,0.00,0.00
1560.00,38887,29043,9348,0,0,0,0.9000,0.00,0.00,0.00
1620.00,38887,29043,9348,0,0,0,2.6500,0.00,0.00,0.00
1680.00,38887,29043,9348,0,0,0,1.4000,0.00,0.00,0.00
1740.00,38887,29043,9348,0,0,0,1.2500,0.00,0.00,0.00
1800.00,38887,29043,9348,0,0,0,1.7500,0.00,0.00,0.00
1860.00,38887,29043,9348,0,0,0,2.6500,0.00,0.00,0.00
1920.00,38887,29043,9348,0,0,0,1.8250,0.00,0.00,0.00
1980.00,38887,29043,9348,0,0,0,3.3250,0.00,0.00,0.00
2040.00,38887,29043,9348,0,0,0,1.6500,0.00,0.00,0.00
2100.00,38887,29043,9348,0,0,0,3.0750,0.00,0.00,0.00
2160.00,38887,29043,9348,0,0,0,4.1500,0.00,0.00,0.00
2220.00,38887,29043,9348,0,0,0,3.3250,0.00,0.00,0.00
2280.00,38887,29043,9348,0,0,0,1.8000,0.00,0.00,0.00
2340.00,38887,29043,9348,0,0,0,3.0000,0.00,0.00,0.00
2400.00,38887,29043,9348,0,0,0,2.7500,0.00,0.00,0.00
2460.00,38887,29043,9348,0,0,0,12.0000,0.00,0.00,0.00
2520.00,38887,29043,9348,0,0,0,10.2250,0.00,0.00,0.00
2580.00,38887,29043,9348,0,0,0,6.7000,0.00,0.00,0.00
2640.00,38887,29043,9348,0,0,0,8.7250,0.00,0.00,0.00
2700.00,38887,29043,9348,0,0,0,7.8750,0.00,0.00,0.00
2760.00,38887,29043,9348,0,0,0,6.8250,0.00,0.00,0.00
2820.00,38887,29043,9348,0,0,0,9.1500,0.00,0.00,0.00
2880.00,38887,29043,9348,0,0,0,12.3750,0.00,0.00,0.00
2940.00,38887,29043,9348,0,0,0,9.4750,0.00,0.00,0.00
3000.00,38887,29043,9348,0,0,0,8.0000,0.00,0.00,0.00
3060.00,38887,29043,9348,0,0,0,9.9750,0.00,0.00,0.00
3120.00,38887,29043,9348,0,0,0,8.7000,0.00,0.00,0.00
3180.00,38887,29043,9348,0,0,0,8.8500,0.00,0.00,0.00
3240.00,38887,29043,9348,0,0,0,6.8750,0.00,0.00,0.00
3300.00,38887,29043,9348,0,0,0,10.1250,0.00,0.00,0.00
3360.00,38887,29043,9348,0,0,0,2.5750,0.00,0.00,0.00
3420.00,38887,29043,9348,0,0,0,1.4750,0.00,0.00,0.00
3480.00,38887,29043,9348,0,0,0,1.0750,0.00,0.00,0.00
3540.00,38887,29043,9348,0,0,0,1.4000,0.00,0.00,0.00
60.00,87757,47397,20206,48870,18354,10858,0.0000,0.00,0.00,0.00
120.00,87757,47397,20206,0,0,0,5.7750,0.00,0.00,0.00
180.00,87757,47397,20206,0,0,0,2.8250,0.00,0.00,0.00
240.00,87757,47397,20206,0,0,0,5.8250,0.00,0.00,0.00
300.00,87757,47397,20206,0,0,0,4.2250,0.00,0.00,0.00
360.00,87757,47397,20206,0,0,0,5.6250,0.00,0.00,0.00
420.00,87757,47397,20206,0,0,0,3.4000,0.00,0.00,0.00
480.00,87757,47397,20206,0,0,0,4.6500,0.00,0.00,0.00
540.00,87757,47397,20206,0,0,0,4.4000,0.00,0.00,0.00
600.00,87757,47397,20206,0,0,0,4.1500,0.00,0.00,0.00
660.00,87757,47397,20206,0,0,0,11.0750,0.00,0.00,0.00
720.00,87757,47397,20206,0,0,0,12.8000,0.00,0.00,0.00
780.00,87757,47397,20206,0,0,0,15.1250,0.00,0.00,0.00
840.00,87757,47397,20206,0,0,0,15.0750,0.00,0.00,0.00
900.00,87757,47397,20206,0,0,0,9.1750,0.00,0.00,0.00
960.00,87757,47397,20206,0,0,0,13.8500,0.00,0.00,0.00
1020.00,87757,47397,20206,0,0,0,9.2750,0.00,0.00,0.00
1080.00,87757,47397,20206,0,0,0,14.9250,0.00,0.00,0.00
1140.00,87757,47397,20206,0,0,0,10.4750,0.00,0.00,0.00
1200.00,87757,47397,20206,0,0,0,15.1000,0.00,0.00,0.00
1260.00,87757,47397,20206,0,0,0,12.3500,0.00,0.00,0.00
1320.00,87757,47397,20206,0,0,0,13.0250,0.00,0.00,0.00
1380.00,87757,47397,20206,0,0,0,12.1250,0.00,0.00,0.00
1440.00,87757,47397,20206,0,0,0,12.2750,0.00,0.00,0.00
1500.00,87757,47397,20206,0,0,0,10.9500,0.00,0.00,0.00
1560.00,87757,47397,20206,0,0,0,3.1250,0.00,0.00,0.00
1620.00,87757,47397,20206,0,0,0,2.8000,0.00,0.00,0.00
1680.00,87757,47397,20206,0,0,0,4.4000,0.00,0.00,0.00
1740.00,87757,47397,20206,0,0,0,5.0750,0.00,0.00,0.00
1800.00,87757,47397,20206,0,0,0,3.9750,0.00,0.00,0.00
1860.00,87757,47397,20206,0,0,0,4.9000,0.00,0.00,0.00
1920.00,87757,47397,20206,0,0,0,3.0500,0.00,0.00,0.00
1980.00,87757,47397,20206,0,0,0,2.9750,0.00,0.00,0.00
2040.00,87757,47397,20206,0,0,0,4.8500,0.00,0.00,0.00
2100.00,87757,47397,20206,0,0,0,4.6500,0.00,0.00,0.00
2160.00,87757,47397,20206,0,0,0,6.1000,0.00,0.00,0.00
2220.00,87757,47397,20206,0,0,0,3.5000,0.00,0.00,0.00
2280.00,87757,47397,20206,0,0,0,5.3250,0.00,0.00,0.00
2340.00,87757,47397,20206,0,0,0,2.7250,0.00,0.00,0.00
2400.00,87757,47397,20206,0,0,0,3.4750,0.00,0.00,0.00
2460.00,87757,47397,20206,0,0,0,13.4000,0.00,0.00,0.00
2520.00,87757,47397,20206,0,0,0,14.5000,0.00,0.00,0.00
2580.00,87757,47397,20206,0,0,0,17.3500,0.00,0.00,0.00
2640.00,87757,47397,20206,0,0,0,18.1250,0.00,0.00,0.00
2700.00,87757,47397,20206,0,0,0,17.1500,0.00,0.00,0.00
2760.00,87757,47397,20206,0,0,0,20.7500,0.00,0.00,0.00
2820.00,87757,47397,20206,0,0,0,14.9750,0.00,0.00,0.00
2880.00,87757,47397,20206,0,0,0,14.2000,0.00,0.00,0.00
2940.00,87757,47397,20206,0,0,0,18.7000,0.00,0.00,0.00
3000.00,87757,47397,20206,0,0,0,11.6750,0.00,0.00,0.00
3060.00,87757,47397,20206,0,0,0,20.3000,0.00,0.00,0.00
3120.00,87757,47397,20206,0,0,0,17.0750,0.00,0.00,0.00
3180.00,87757,47397,20206,0,0,0,16.9750,0.00,0.00,0.00
3240.00,87757,47397,20206,0,0,0,17.0000,0.00,0.00,0.00
3300.00,87757,47397,20206,0,0,0,18.9500,0.00,0.00,0.00
3360.00,87757,47397,20206,0,0,0,2.7000,0.00,0.00,0.00
3420.00,87757,47397,20206,0,0,0,2.4000,0.00,0.00,0.00
3480.00,87757,47397,20206,0,0,0,4.2500,0.00,0.00,0.00
3540.00,87757,47397,20206,0,0,0,5.0500,0.00,0.00,0.00
60.00,122690,82337,28607,34933,34940,8401,0.0000,0.00,0.00,0.00
120.00,122690,82337,28607,0,0,0,6.8250,0.00,0.00,0.00
180.00,122690,82337,28607,0,0,0,7.0500,0.00,0.00,0.00
240.00,122690,82337,28607,0,0,0,7.7000,0.00,0.00,0.00
300.00,122690,82337,28607,0,0,0,10.3250,0.00,0.00,0.00
360.00,122690,82337,28607,0,0,0,6.3750,0.00,0.00,0.00
420.00,122690,82337,28607,0,0,0,5.9750,0.00,0.00,0.00
480.00,122690,82337,28607,0,0,0,7.3750,0.00,0.00,0.00
540.00,122690,82337,28607,0,0,0,7.3250,0.00,0.00,0.00
600.00,122690,82337,28607,0,0,0,7.3000,0.00,0.00,0.00
660.00,122690,82337,28607,0,0,0,17.3750,0.00,0.00,0.00
720.00,122690,82337,28607,0,0,0,15.4250,0.00,0.00,0.00
780.00,122690,82337,28607,0,0,0,21.8250,0.00,0.00,0.00
840.00,122690,82337,28607,0,0,0,16.5500,0.00,0.00,0.00
900.00,122690,82337,28607,0,0,0,20.4000,0.00,0.00,0.00
960.00,122690,82337,28607,0,0,0,20.0250,0.00,0.00,0.00
1020.00,122690,82337,28607,0,0,0,19.2250,0.00,0.00,0.00
1080.00,122690,82337,28607,0,0,0,26.6500,0.00,0.00,0.00
1140.00,122690,82337,28607,0,0,0,17.4750,0.00,0.00,0.00
1200.00,122690,82337,28607,0,0,0,18.4750,0.00,0.00,0.00
1260.00,122690,82337,28607,0,0,0,19.1750,0.00,0.00,0.00
1320.00,122690,82337,28607,0,0,0,21.3750,0.00,0.00,0.00
1380.00,122690,82337,28607,0,0,0,18.5250,0.00,0.00,0.00
1440.00,122690,82337,28607,0,0,0,17.9500,0.00,0.00,0.00
1500.00,122690,82337,28607,0,0,0,19.8750,0.00,0.00,0.00
1560.00,122690,82337,28607,0,0,0,6.7000,0.00,0.00,0.00
1620.00,122690,82337,28607,0,0,0,5.4500,0.00,0.00,0.00
1680.00,122690,82337,28607,0,0,0,4.0500,0.00,0.00,0.00
1740.00,122690,82337,28607,0,0,0,7.1500,0.00,0.00,0.00
1800.00,122690,82337,28607,0,0,0,6.4000,0.00,0.00,0.00
1860.00,122690,82337,28607,0,0,0,5.7750,0.00,0.00,0.00
1920.00,122690,82337,28607,0,0,0,10.8750,0.00,0.00,0.00
1980.00,122690,82337,28607,0,0,0,10.3000,0.00,0.00,0.00
2040.00,122690,82337,28607,0,0,0,9.3750,0.00,0.00,0.00
2100.00,122690,82337,28607,0,0,0,4.8000,0.00,0.00,0.00
2160.00,122690,82337,28607,0,0,0,8.0500,0.00,0.00,0.00
2220.00,122690,82337,28607,0,0,0,7.3000,0.00,0.00,0.00
2280.00,122690,82337,28607,0,0,0,6.8750,0.00,0.00,0.00
2340.00,122690,82337,28607,0,0,0,7.1250,0.00,0.00,0.00
2400.00,122690,82337,28607,0,0,0,4.5500,0.00,0.00,0.00
2460.00,122690,82337,28607,0,0,0,29.1250,0.00,0.00,0.00
2520.00,122690,82337,28607,0,0,0,24.6250,0.00,0.00,0.00
2580.00,122690,82337,28607,0,0,0,27.2000,0.00,0.00,0.00
2640.00,122690,82337,28607,0,0,0,26.8250,0.00,0.00,0.00
2700.00,122690,82337,28607,0,0,0,19.9500,0.00,0.00,0.00
2760.00,122690,82337,28607,0,0,0,26.2500,0.00,0.00,0.00
2820.00,122690,82337,28607,0,0,0,30.9500,0.00,0.00,0.00
2880.00,122690,82337,28607,0,0,0,38.7750,0.00,0.00,0.00
2940.00,122690,82337,28607,0,0,0,31.1250,0.00,0.00,0.00
3000.00,122690,82337,28607,0,0,0,24.1750,0.00,0.00,0.00
3060.00,122690,82337,28607,0,0,0,29.0250,0.00,0.00,0.00
3120.00,122690,82337,28607,0,0,0,26.9500,0.00,0.00,0.00
3180.00,122690,82337,28607,0,0,0,25.1250,0.00,0.00,0.00
3240.00,122690,82337,28607,0,0,0,31.6250,0.00,0.00,0.00
3300.00,122690,82337,28607,0,0,0,22.9000,0.00,0.00,0.00
3360.00,122690,82337,28607,0,0,0,7.4000,0.00,0.00,0.00
3420.00,122690,82337,28607,0,0,0,5.9000,0.00,0.00,0.00
3480.00,122690,82337,28607,0,0,0,6.0500,0.00,0.00,0.00
3540.00,122690,82337,28607,0,0,0,5.5250,0.00,0.00,0.00
60.00,165524,108591,38078,42834,26254,9471,0.0000,0.00,0.00,0.00
120.00,165524,108591,38078,0,0,0,5.8250,0.00,0.00,0.00
180.00,165524,108591,38078,0,0,0,11.6500,0.00,0.00,0.00
240.00,165524,108591,38078,0,0,0,7.8750,0.00,0.00,0.00
300.00,165524,108591,38078,0,0,0,10.5250,0.00,0.00,0.00
360.00,165524,108591,38078,0,0,0,11.6250,0.00,0.00,0.00
420.00,165524,108591,38078,0,0,0,7.9500,0.00,0.00,0.00
480.00,165524,108591,38078,0,0,0,11.2000,0.00,0.00,0.00
540.00,165524,108591,38078,0,0,0,7.1000,0.00,0.00,0.00
600.00,165524,108591,38078,0,0,0,6.9250,0.00,0.00,0.00
660.00,165524,108591,38078,0,0,0,27.0500,0.00,0.00,0.00
720.00,165524,108591,38078,0,0,0,28.4000,0.00,0.00,0.00
780.00,165524,108591,38078,0,0,0,29.2000,0.00,0.00,0.00
840.00,165524,108591,38078,0,0,0,25.4250,0.00,0.00,0.00
900.00,165524,108591,38078,0,0,0,24.0750,0.00,0.00,0.00
960.00,165524,108591,38078,0,0,0,24.2750,0.00,0.00,0.00
1020.00,165524,108591,38078,0,0,0,28.7250,0.00,0.00,0.00
1080.00,165524,108591,38078,0,0,0,30.1000,0.00,0.00,0.00
1140.00,165524,108591,38078,0,0,0,18.9750,0.00,0.00,0.00
1200.00,165524,108591,38078,0,0,0,21.0500,0.00,0.00,0.00
1260.00,165524,108591,38078,0,0,0,28.0000,0.00,0.00,0.00
1320.00,165524,108591,38078,0,0,0,27.5500,0.00,0.00,0.00
1380.00,165524,108591,38078,0,0,0,25.0250,0.00,0.00,0.00
1440.00,165524,108591,38078,0,0,0,28.1500,0.00,0.00,0.00
1500.00,165524,108591,38078,0,0,0,24.2000,0.00,0.00,0.00
1560.00,165524,108591,38078,0,0,0,7.1500,0.00,0.00,0.00
1620.00,165524,108591,38078,0,0,0,7.3750,0.00,0.00,0.00
1680.00,165524,108591,38078,0,0,0,6.5500,0.00,0.00,0.00
1740.00,165524,108591,38078,0,0,0,5.7750,0.00,0.00,0.00
1800.00,165524,108591,38078,0,0,0,8.6250,0.00,0.00,0.00
1860.00,165524,108591,38078,0,0,0,10.4000,0.00,0.00,0.00
1920.00,165524,108591,38078,0,0,0,9.2750,0.00,0.00,0.00
1980.00,165524,108591,38078,0,0,0,6.1250,0.00,0.00,0.00
2040.00,165524,108591,38078,0,0,0,8.8000,0.00,0.00,0.00
2100.00,165524,108591,38078,0,0,0,7.6000,0.00,0.00,0.00
2160.00,165524,108591,38078,0,0,0,10.8500,0.00,0.00,0.00
2220.00,165524,108591,38078,0,0,0,7.7500,0.00,0.00,0.00
2280.00,165524,108591,38078,0,0,0,9.9250,0.00,0.00,0.00
2340.00,165524,108591,38078,0,0,0,9.1750,0.00,0.00,0.00
2400.00,165524,108591,38078,0,0,0,6.1500,0.00,0.00,0.00
2460.00,165524,108591,38078,0,0,0,34.0500,0.00,0.00,0.00
2520.00,165524,108591,38078,0,0,0,36.7750,0.00,0.00,0.00
2580.00,165524,108591,38078,0,0,0,33.8750,0.00,0.00,0.00
2640.00,165524,108591,38078,0,0,0,42.1000,0.00,0.00,0.00
2700.00,165524,108591,38078,0,0,0,35.0250,0.00,0.00,0.00
2760.00,165524,108591,38078,0,0,0,33.4250,0.00,0.00,0.00
2820.00,165524,108591,38078,0,0,0,41.5000,0.00,0.00,0.00
2880.00,165524,108591,38078,0,0,0,39.1750,0.00,0.00,0.00
2940.00,165524,108591,38078,0,0,0,32.8750,0.00,0.00,0.00
3000.00,165524,108591,38078,0,0,0,28.6750,0.00,0.00,0.00
3060.00,165524,108591,38078,0,0,0,39.4500,0.00,0.00,0.00
3120.00,165524,108591,38078,0,0,0,29.1500,0.00,0.00,0.00
3180.00,165524,108591,38078,0,0,0,32.4000,0.00,0.00,0.00
3240.00,165524,108591,38078,0,0,0,32.4500,0.00,0.00,0.00
3300.00,165524,108591,38078,0,0,0,37.5250,0.00,0.00,0.00
3360.00,165524,108591,38078,0,0,0,9.8500,0.00,0.00,0.00
3420.00,165524,108591,38078,0,0,0,4.3000,0.00,0.00,0.00
3480.00,165524,108591,38078,0,0,0,6.3500,0.00,0.00,0.00
3540.00,165524,108591,38078,0,0,0,7.2250,0.00,0.00,0.00
60.00,212049,140691,44650,46525,32100,6572,0.0000,0.00,0.00,0.00
120.00,212049,140691,44650,0,0,0,10.5250,0.00,0.00,0.00
180.00,212049,140691,44650,0,0,0,11.1750,0.00,0.00,0.00
240.00,212049,140691,44650,0,0,0,13.6750,0.00,0.00,0.00
300.00,212049,140691,44650,0,0,0,12.2750,0.00,0.00,0.00
360.00,212049,140691,44650,0,0,0,8.2750,0.00,0.00,0.00
420.00,212049,140691,44650,0,0,0,11.8250,0.00,0.00,0.00
480.00,212049,140691,44650,0,0,0,10.3500,0.00,0.00,0.00
540.00,212049,140691,44650,0,0,0,9.9500,0.00,0.00,0.00
600.00,212049,140691,44650,0,0,0,11.7750,0.00,0.00,0.00
660.00,212049,140691,44650,0,0,0,31.6250,0.00,0.00,0.00
720.00,212049,140691,44650,0,0,0,32.7250,0.00,0.00,0.00
780.00,212049,140691,44650,0,0,0,33.5750,0.00,0.00,0.00
840.00,212049,140691,44650,0,0,0,32.4250,0.00,0.00,0.00
900.00,212049,140691,44650,0,0,0,31.4000,0.00,0.00,0.00
960.00,212049,140691,44650,0,0,0,34.0750,0.00,0.00,0.00
1020.00,212049,140691,44650,0,0,0,29.3000,0.00,0.00,0.00
1080.00,212049,140691,44650,0,0,0,30.8250,0.00,0.00,0.00
1140.00,212049,140691,44650,0,0,0,29.4250,0.00,0.00,0.00
1200.00,212049,140691,44650,0,0,0,35.7250,0.00,0.00,0.00
1260.00,212049,140691,44650,0,0,0,30.9500,0.00,0.00,0.00
1320.00,212049,140691,44650,0,0,0,34.5000,0.00,0.00,0.00
1380.00,212049,140691,44650,0,0,0,35.4750,0.00,0.00,0.00
1440.00,212049,140691,44650,0,0,0,33.3750,0.00,0.00,0.00
1500.00,212049,140691,44650,0,0,0,29.9750,0.00,0.00,0.00
1560.00,212049,140691,44650,0,0,0,15.9750,0.00,0.00,0.00
1620.00,212049,140691,44650,0,0,0,12.4250,0.00,0.00,0.00
1680.00,212049,140691,44650,0,0,0,9.6250,0.00,0.00,0.00
1740.00,212049,140691,44650,0,0,0,9.6250,0.00,0.00,0.00
1800.00,212049,140691,44650,0,0,0,10.1000,0.00,0.00,0.00
1860.00,212049,140691,44650,0,0,0,11.8250,0.00,0.00,0.00
1920.00,212049,140691,44650,0,0,0,12.3500,0.00,0.00,0.00
1980.00,212049,140691,44650,0,0,0,12.4250,0.00,0.00,0.00
2040.00,212049,140691,44650,0,0,0,9.6750,0.00,0.00,0.00
2100.00,212049,140691,44650,0,0,0,7.1250,0.00,0.00,0.00
2160.00,212049,140691,44650,0,0,0,8.2500,0.00,0.00,0.00
2220.00,212049,140691,44650,0,0,0,8.2750,0.00,0.00,0.00
2280.00,212049,140691,44650,0,0,0,13.5000,0.00,0.00,0.00
2340.00,212049,140691,44650,0,0,0,10.4250,0.00,0.00,0.00
2400.00,212049,140691,44650,0,0,0,11.2500,0.00,0.00,0.00
2460.00,212049,140691,44650,0,0,0,49.3750,0.00,0.00,0.00
2520.00,212049,140691,44650,0,0,0,45.1750,0.00,0.00,0.00
2580.00,212049,140691,44650,0,0,0,42.4750,0.00,0.00,0.00
2640.00,212049,140691,44650,0,0,0,44.3250,0.00,0.00,0.00
2700.00,212049,140691,44650,0,0,0,48.1500,0.00,0.00,0.00
2760.00,212049,140691,44650,0,0,0,45.1000,0.00,0.00,0.00
2820.00,212049,140691,44650,0,0,0,46.8750,0.00,0.00,0.00
2880.00,212049,140691,44650,0,0,0,43.5000,0.00,0.00,0.00
2940.00,212049,140691,44650,0,0,0,49.2500,0.00,0.00,0.00
3000.00,212049,140691,44650,0,0,0,49.0750,0.00,0.00,0.00
3060.00,212049,140691,44650,0,0,0,42.6750,0.00,0.00,0.00
3120.00,212049,140691,44650,0,0,0,48.7500,0.00,0.00,0.00
3180.00,212049,140691,44650,0,0,0,46.5500,0.00,0.00,0.00
3240.00,212049,140691,44650,0,0,0,54.8250,0.00,0.00,0.00
3300.00,212049,140691,44650,0,0,0,43.2000,0.00,0.00,0.00
3360.00,212049,140691,44650,0,0,0,14.2250,0.00,0.00,0.00
3420.00,212049,140691,44650,0,0,0,11.4500,0.00,0.00,0.00
3480.00,212049,140691,44650,0,0,0,11.1750,0.00,0.00,0.00
3540.00,212049,140691,44650,0,0,0,9.1000,0.00,0.00,0.00
60.00,235620,173135,56015,23571,32444,11365,0.0000,0.00,0.00,0.00
120.00,235620,173135,56015,0,0,0,14.6750,0.00,0.00,0.00
180.00,235620,173135,56015,0,0,0,13.0000,0.00,0.00,0.00
240.00,235620,173135,56015,0,0,0,17.6250,0.00,0.00,0.00
300.00,235620,173135,56015,0,0,0,11.6000,0.00,0.00,0.00
360.00,235620,173135,56015,0,0,0,13.3250,0.00,0.00,0.00
420.00,235620,173135,56015,0,0,0,11.6500,0.00,0.00,0.00
480.00,235620,173135,56015,0,0,0,16.4500,0.00,0.00,0.00
540.00,235620,173135,56015,0,0,0,12.1500,0.00,0.00,0.00
600.00,235620,173135,56015,0,0,0,13.1500,0.00,0.00,0.00
660.00,235620,173135,56015,0,0,0,42.9250,0.00,0.00,0.00
720.00,235620,173135,56015,0,0,0,36.4000,0.00,0.00,0.00
780.00,235620,173135,56015,0,0,0,38.1500,0.00,0.00,0.00
840.00,235620,173135,56015,0,0,0,41.7250,0.00,0.00,0.00
900.00,235620,173135,56015,0,0,0,44.4750,0.00,0.00,0.00
960.00,235620,173135,56015,0,0,0,42.0500,0.00,0.00,0.00
1020.00,235620,173135,56015,0,0,0,40.4500,0.00,0.00,0.00
1080.00,235620,173135,56015,0,0,0,43.1250,0.00,0.00,0.00
1140.00,235620,173135,56015,0,0,0,42.0500,0.00,0.00,0.00
1200.00,235620,173135,56015,0,0,0,41.0500,0.00,0.00,0.00
1260.00,235620,173135,56015,0,0,0,41.0000,0.00,0.00,0.00
1320.00,235620,173135,56015,0,0,0,45.9000,0.00,0.00,0.00
1380.00,235620,173135,56015,0,0,0,41.4500,0.00,0.00,0.00
1440.00,235620,173135,56015,0,0,0,41.9250,0.00,0.00,0.00
1500.00,235620,173135,56015,0,0,0,42.7250,0.00,0.00,0.00
1560.00,235620,173135,56015,0,0,0,12.5500,0.00,0.00,0.00
1620.00,235620,173135,56015,0,0,0,15.4000,0.00,0.00,0.00
1680.00,235620,173135,56015,0,0,0,12.1500,0.00,0.00,0.00
1740.00,235620,173135,56015,0,0,0,8.2000,0.00,0.00,0.00
1800.00,235620,173135,56015,0,0,0,11.8500,0.00,0.00,0.00
1860.00,235620,173135,56015,0,0,0,15.2000,0.00,0.00,0.00
1920.00,235620,173135,56015,0,0,0,10.3000,0.00,0.00,0.00
1980.00,235620,173135,56015,0,0,0,11.3750,0.00,0.00,0.00
2040.00,235620,173135,56015,0,0,0,11.4500,0.00,0.00,0.00
2100.00,235620,173135,56015,0,0,0,11.9750,0.00,0.00,0.00
2160.00,235620,173135,56015,0,0,0,12.5000,0.00,0.00,0.00
2220.00,235620,173135,56015,0,0,0,17.0750,0.00,0.00,0.00
2280.00,235620,173135,56015,0,0,0,12.6250,0.00,0.00,0.00
2340.00,235620,173135,56015,0,0,0,13.4500,0.00,0.00,0.00
2400.00,235620,173135,56015,0,0,0,13.3250,0.00,0.00,0.00
2460.00,235620,173135,56015,0,0,0,58.8500,0.00,0.00,0.00
2520.00,235620,173135,56015,0,0,0,53.4000,0.00,0.00,0.00
2580.00,235620,173135,56015,0,0,0,51.2000,0.00,0.00,0.00
2640.00,235620,173135,56015,0,0,0,58.1000,0.00,0.00,0.00
2700.00,235620,173135,56015,0,0,0,54.5250,0.00,0.00,0.00
2760.00,235620,173135,56015,0,0,0,59.1000,0.00,0.00,0.00
2820.00,235620,173135,56015,0,0,0,51.6000,0.00,0.00,0.00
2880.00,235620,173135,56015,0,0,0,55.3500,0.00,0.00,0.00
2940.00,235620,173135,56015,0,0,0,55.7500,0.00,0.00,0.00
3000.00,235620,173135,56015,0,0,0,54.1750,0.00,0.00,0.00
3060.00,235620,173135,56015,0,0,0,48.5500,0.00,0.00,0.00
3120.00,235620,173135,56015,0,0,0,53.8750,0.00,0.00,0.00
3180.00,235620,173135,56015,0,0,0,55.3250,0.00,0.00,0.00
3240.00,235620,173135,56015,0,0,0,52.0500,0.00,0.00,0.00
3300.00,235620,173135,56015,0,0,0,55.0750,0.00,0.00,0.00
3360.00,235620,173135,56015,0,0,0,10.8500,0.00,0.00,0.00
3420.00,235620,173135,56015,0,0,0,12.0500,0.00,0.00,0.00
3480.00,235620,173135,56015,0,0,0,12.4000,0.00,0.00,0.00
3540.00,235620,173135,56015,0,0,0,10.8500,0.00,0.00,0.00
60.00,262699,201794,67545,27079,28659,11530,0.0000,0.00,0.00,0.00
120.00,262699,201794,67545,0,0,0,12.3500,0.00,0.00,0.00
180.00,262699,201794,67545,0,0,0,16.5250,0.00,0.00,0.00
240.00,262699,201794,67545,0,0,0,13.1750,0.00,0.00,0.00
300.00,262699,201794,67545,0,0,0,17.1250,0.00,0.00,0.00
360.00,262699,201794,67545,0,0,0,17.2500,0.00,0.00,0.00
420.00,262699,201794,67545,0,0,0,13.2750,0.00,0.00,0.00
480.00,262699,201794,67545,0,0,0,16.2250,0.00,0.00,0.00
540.00,262699,201794,67545,0,0,0,14.1750,0.00,0.00,0.00
600.00,262699,201794,67545,0,0,0,14.9250,0.00,0.00,0.00
660.00,262699,201794,67545,0,0,0,42.6250,0.00,0.00,0.00
720.00,262699,201794,67545,0,0,0,41.3250,0.00,0.00,0.00
780.00,262699,201794,67545,0,0,0,52.7250,0.00,0.00,0.00
840.00,262699,201794,67545,0,0,0,42.9500,0.00,0.00,0.00
900.00,262699,201794,67545,0,0,0,52.2750,0.00,0.00,0.00
960.00,262699,201794,67545,0,0,0,44.7500,0.00,0.00,0.00
1020.00,262699,201794,67545,0,0,0,52.4500,0.00,0.00,0.00
1080.00,262699,201794,67545,0,0,0,50.0500,0.00,0.00,0.00
1140.00,262699,201794,67545,0,0,0,48.4250,0.00,0.00,0.00
1200.00,262699,201794,67545,0,0,0,51.3250,0.00,0.00,0.00
1260.00,262699,201794,67545,0,0,0,52.4500,0.00,0.00,0.00
1320.00,262699,201794,67545,0,0,0,52.2750,0.00,0.00,0.00
1380.00,262699,201794,67545,0,0,0,42.5000,0.00,0.00,0.00
1440.00,262699,201794,67545,0,0,0,48.8500,0.00,0.00,0.00
1500.00,262699,201794,67545,0,0,0,49.9750,0.00,0.00,0.00
1560.00,262699,201794,67545,0,0,0,15.9000,0.00,0.00,0.00
1620.00,262699,201794,67545,0,0,0,14.6250,0.00,0.00,0.00
1680.00,262699,201794,67545,0,0,0,14.6000,0.00,0.00,0.00
1740.00,262699,201794,67545,0,0,0,13.8250,0.00,0.00,0.00
1800.00,262699,201794,67545,0,0,0,21.1250,0.00,0.00,0.00
1860.00,262699,201794,67545,0,0,0,16.6500,0.00,0.00,0.00
1920.00,262699,201794,67545,0,0,0,10.9750,0.00,0.00,0.00
1980.00,262699,201794,67545,0,0,0,13.6500,0.00,0.00,0.00
2040.00,262699,201794,67545,0,0,0,15.7750,0.00,0.00,0.00
2100.00,262699,201794,67545,0,0,0,17.7250,0.00,0.00,0.00
2160.00,262699,201794,67545,0,0,0,13.9000,0.00,0.00,0.00
2220.00,262699,201794,67545,0,0,0,14.5000,0.00,0.00,0.00
2280.00,262699,201794,67545,0,0,0,16.6250,0.00,0.00,0.00
2340.00,262699,201794,67545,0,0,0,12.4500,0.00,0.00,0.00
2400.00,262699,201794,67545,0,0,0,15.8500,0.00,0.00,0.00
2460.00,262699,201794,67545,0,0,0,59.2750,0.00,0.00,0.00
2520.00,262699,201794,67545,0,0,0,63.0000,0.00,0.00,0.00
2580.00,262699,201794,67545,0,0,0,66.8750,0.00,0.00,0.00
2640.00,262699,201794,67545,0,0,0,57.4250,0.00,0.00,0.00
2700.00,262699,201794,67545,0,0,0,67.6250,0.00,0.00,0.00
2760.00,262699,201794,67545,0,0,0,61.9750,0.00,0.00,0.00
2820.00,262699,201794,67545,0,0,0,60.8750,0.00,0.00,0.00
2880.00,262699,201794,67545,0,0,0,63.3250,0.00,0.00,0.00
2940.00,262699,201794,67545,0,0,0,62.0500,0.00,0.00,0.00
3000.00,262699,201794,67545,0,0,0,62.0750,0.00,0.00,0.00
3060.00,262699,201794,67545,0,0,0,64.7250,0.00,0.00,0.00
3120.00,262699,201794,67545,0,0,0,62.1750,0.00,0.00,0.00
3180.00,262699,201794,67545,0,0,0,64.6750,0.00,0.00,0.00
3240.00,262699,201794,67545,0,0,0,70.2750,0.00,0.00,0.00
3300.00,262699,201794,67545,0,0,0,72.5250,0.00,0.00,0.00
3360.00,262699,201794,67545,0,0,0,16.7250,0.00,0.00,0.00
3420.00,262699,201794,67545,0,0,0,15.5250,0.00,0.00,0.00
3480.00,262699,201794,67545,0,0,0,18.1000,0.00,0.00,0.00
3540.00,262699,201794,67545,0,0,0,14.8000,0.00,0.00,0.00
60.00,347704,218249,71088,85005,16455,3543,0.0000,0.00,0.00,0.00
120.00,347704,218249,71088,0,0,0,22.2500,0.00,0.00,0.00
180.00,347704,218249,71088,0,0,0,17.9500,0.00,0.00,0.00
240.00,347704,218249,71088,0,0,0,20.5750,0.00,0.00,0.00
300.00,347704,218249,71088,0,0,0,16.3750,0.00,0.00,0.00
360.00,347704,218249,71088,0,0,0,17.3000,0.00,0.00,0.00
420.00,347704,218249,71088,0,0,0,17.4750,0.00,0.00,0.00
480.00,347704,218249,71088,0,0,0,18.7000,0.00,0.00,0.00
540.00,347704,218249,71088,0,0,0,18.1750,0.00,0.00,0.00
600.00,347704,218249,71088,0,0,0,18.9000,0.00,0.00,0.00
660.00,347704,218249,71088,0,0,0,44.5000,0.00,0.00,0.00
720.00,347704,218249,71088,0,0,0,52.9500,0.00,0.00,0.00
780.00,347704,218249,71088,0,0,0,48.4500,0.00,0.00,0.00
840.00,347704,218249,71088,0,0,0,54.2500,0.00,0.00,0.00
900.00,347704,218249,71088,0,0,0,56.8500,0.00,0.00,0.00
960.00,347704,218249,71088,0,0,0,49.5500,0.00,0.00,0.00
1020.00,347704,218249,71088,0,0,0,57.9250,0.00,0.00,0.00
1080.00,347704,218249,71088,0,0,0,53.9250,0.00,0.00,0.00
1140.00,347704,218249,71088,0,0,0,52.2750,0.00,0.00,0.00
1200.00,347704,218249,71088,0,0,0,53.0750,0.00,0.00,0.00
1260.00,347704,218249,71088,0,0,0,58.5250,0.00,0.00,0.00
1320.00,347704,218249,71088,0,0,0,58.3750,0.00,0.00,0.00
1380.00,347704,218249,71088,0,0,0,53.3250,0.00,0.00,0.00
1440.00,347704,218249,71088,0,0,0,58.2000,0.00,0.00,0.00
1500.00,347704,218249,71088,0,0,0,61.6500,0.00,0.00,0.00
1560.00,347704,218249,71088,0,0,0,16.2000,0.00,0.00,0.00
1620.00,347704,218249,71088,0,0,0,14.8750,0.00,0.00,0.00
1680.00,347704,218249,71088,0,0,0,15.9250,0.00,0.00,0.00
1740.00,347704,218249,71088,0,0,0,18.6000,0.00,0.00,0.00
1800.00,347704,218249,71088,0,0,0,16.8750,0.00,0.00,0.00
1860.00,347704,218249,71088,0,0,0,16.0000,0.00,0.00,0.00
1920.00,347704,218249,71088,0,0,0,12.0000,0.00,0.00,0.00
1980.00,347704,218249,71088,0,0,0,18.5000,0.00,0.00,0.00
2040.00,347704,218249,71088,0,0,0,17.5250,0.00,0.00,0.00
2100.00,347704,218249,71088,0,0,0,13.8250,0.00,0.00,0.00
2160.00,347704,218249,71088,0,0,0,14.6000,0.00,0.00,0.00
2220.00,347704,218249,71088,0,0,0,16.0000,0.00,0.00,0.00
2280.00,347704,218249,71088,0,0,0,17.5750,0.00,0.00,0.00
2340.00,347704,218249,71088,0,0,0,17.6000,0.00,0.00,0.00
2400.00,347704,218249,71088,0,0,0,20.1250,0.00,0.00,0.00
2460.00,347704,218249,71088,0,0,0,64.1750,0.00,0.00,0.00
2520.00,347704,218249,71088,0,0,0,71.9750,0.00,0.00,0.00
2580.00,347704,218249,71088,0,0,0,73.3750,0.00,0.00,0.00
2640.00,347704,218249,71088,0,0,0,67.1750,0.00,0.00,0.00
2700.00,347704,218249,71088,0,0,0,63.8000,0.00,0.00,0.00
2760.00,347704,218249,71088,0,0,0,74.6750,0.00,0.00,0.00
2820.00,347704,218249,71088,0,0,0,68.5750,0.00,0.00,0.00
2880.00,347704,218249,71088,0,0,0,63.9500,0.00,0.00,0.00
2940.00,347704,218249,71088,0,0,0,74.6250,0.00,0.00,0.00
3000.00,347704,218249,71088,0,0,0,70.5000,0.00,0.00,0.00
3060.00,347704,218249,71088,0,0,0,67.8000,0.00,0.00,0.00
3120.00,347704,218249,71088,0,0,0,62.9750,0.00,0.00,0.00
3180.00,347704,218249,71088,0,0,0,71.4250,0.00,0.00,0.00
3240.00,347704,218249,71088,0,0,0,75.9000,0.00,0.00,0.00
3300.00,347704,218249,71088,0,0,0,71.6000,0.00,0.00,0.00
3360.00,347704,218249,71088,0,0,0,12.9000,0.00,0.00,0.00
3420.00,347704,218249,71088,0,0,0,16.7000,0.00,0.00,0.00
3480.00,347704,218249,71088,0,0,0,15.4250,0.00,0.00,0.00
3540.00,347704,218249,71088,0,0,0,15.9500,0.00,0.00,0.00
60.00,344556,258968,86072,-3148,40719,14984,0.0000,0.00,0.00,0.00
120.00,344556,258968,86072,0,0,0,16.5250,0.00,0.00,0.00
180.00,344556,258968,86072,0,0,0,20.9000,0.00,0.00,0.00
240.00,344556,258968,86072,0,0,0,23.4000,0.00,0.00,0.00
300.00,344556,258968,86072,0,0,0,24.0500,0.00,0.00,0.00
360.00,344556,258968,86072,0,0,0,25.8000,0.00,0.00,0.00
420.00,344556,258968,86072,0,0,0,20.6500,0.00,0.00,0.00
480.00,344556,258968,86072,0,0,0,22.6000,0.00,0.00,0.00
540.00,344556,258968,86072,0,0,0,21.4500,0.00,0.00,0.00
600.00,344556,258968,86072,0,0,0,16.2000,0.00,0.00,0.00
660.00,344556,258968,86072,0,0,0,65.2500,0.00,0.00,0.00
720.00,344556,258968,86072,0,0,0,65.8500,0.00,0.00,0.00
780.00,344556,258968,86072,0,0,0,62.8000,0.00,0.00,0.00
840.00,344556,258968,86072,0,0,0,63.1500,0.00,0.00,0.00
900.00,344556,258968,86072,0,0,0,68.0500,0.00,0.00,0.00
960.00,344556,258968,86072,0,0,0,65.2500,0.00,0.00,0.00
1020.00,344556,258968,86072,0,0,0,65.4500,0.00,0.00,0.00
1080.00,344556,258968,86072,0,0,0,59.8500,0.00,0.00,0.00
1140.00,344556,258968,86072,0,0,0,61.1750,0.00,0.00,0.00
1200.00,344556,258968,86072,0,0,0,58.7500,0.00,0.00,0.00
1260.00,344556,258968,86072,0,0,0,60.3250,0.00,0.00,0.00
1320.00,344556,258968,86072,0,0,0,67.9000,0.00,0.00,0.00
1380.00,344556,258968,86072,0,0,0,62.0000,0.00,0.00,0.00
1440.00,344556,258968,86072,0,0,0,62.7000,0.00,0.00,0.00
1500.00,344556,258968,86072,0,0,0,68.0250,0.00,0.00,0.00
1560.00,344556,258968,86072,0,0,0,22.4500,0.00,0.00,0.00
1620.00,344556,258968,86072,0,0,0,20.4500,0.00,0.00,0.00
1680.00,344556,258968,86072,0,0,0,21.0000,0.00,0.00,0.00
1740.00,344556,258968,86072,0,0,0,23.0500,0.00,0.00,0.00
1800.00,344556,258968,86072,0,0,0,21.6000,0.00,0.00,0.00
1860.00,344556,258968,86072,0,0,0,17.0500,0.00,0.00,0.00
1920.00,344556,258968,86072,0,0,0,14.9000,0.00,0.00,0.00
1980.00,344556,258968,86072,0,0,0,19.4500,0.00,0.00,0.00
2040.00,344556,258968,86072,0,0,0,22.3250,0.00,0.00,0.00
2100.00,344556,258968,86072,0,0,0,16.8000,0.00,0.00,0.00
2160.00,344556,258968,86072,0,0,0,20.7250,0.00,0.00,0.00
2220.00,344556,258968,86072,0,0,0,20.7500,0.00,0.00,0.00
2280.00,344556,258968,86072,0,0,0,23.0500,0.00,0.00,0.00
2340.00,344556,258968,86072,0,0,0,20.9250,0.00,0.00,0.00
2400.00,344556,258968,86072,0,0,0,18.7250,0.00,0.00,0.00
2460.00,344556,258968,86072,0,0,0,73.6500,0.00,0.00,0.00
2520.00,344556,258968,86072,0,0,0,79.3750,0.00,0.00,0.00
2580.00,344556,258968,86072,0,0,0,71.7250,0.00,0.00,0.00
2640.00,344556,258968,86072,0,0,0,74.2000,0.00,0.00,0.00
2700.00,344556,258968,86072,0,0,0,75.7500,0.00,0.00,0.00
2760.00,344556,258968,86072,0,0,0,76.6250,0.00,0.00,0.00
2820.00,344556,258968,86072,0,0,0,77.9000,0.00,0.00,0.00
2880.00,344556,258968,86072,0,0,0,73.6500,0.00,0.00,0.00
2940.00,344556,258968,86072,0,0,0,75.9750,0.00,0.00,0.00
3000.00,344556,258968,86072,0,0,0,74.7250,0.00,0.00,0.00
3060.00,344556,258968,86072,0,0,0,79.4750,0.00,0.00,0.00
3120.00,344556,258968,86072,0,0,0,77.7250,0.00,0.00,0.00
3180.00,344556,258968,86072,0,0,0,71.0750,0.00,0.00,0.00
3240.00,344556,258968,86072,0,0,0,72.2000,0.00,0.00,0.00
3300.00,344556,258968,86072,0,0,0,77.6750,0.00,0.00,0.00
3360.00,344556,258968,86072,0,0,0,26.9500,0.00,0.00,0.00
3420.00,344556,258968,86072,0,0,0,19.8500,0.00,0.00,0.00
3480.00,344556,258968,86072,0,0,0,26.3750,0.00,0.00,0.00
3540.00,344556,258968,86072,0,0,0,22.8000,0.00,0.00,0.00
60.00,412631,281458,91580,68075,22490,5508,0.0000,0.00,0.00,0.00
120.00,412631,281458,91580,0,0,0,19.9500,0.00,0.00,0.00
180.00,412631,281458,91580,0,0,0,29.1000,0.00,0.00,0.00
240.00,412631,281458,91580,0,0,0,22.4750,0.00,0.00,0.00
300.00,412631,281458,91580,0,0,0,27.4750,0.00,0.00,0.00
360.00,412631,281458,91580,0,0,0,23.7750,0.00,0.00,0.00
420.00,412631,281458,91580,0,0,0,24.0000,0.00,0.00,0.00
480.00,412631,281458,91580,0,0,0,22.0750,0.00,0.00,0.00
540.00,412631,281458,91580,0,0,0,18.3000,0.00,0.00,0.00
600.00,412631,281458,91580,0,0,0,21.3750,0.00,0.00,0.00
660.00,412631,281458,91580,0,0,0,70.6000,0.00,0.00,0.00
720.00,412631,281458,91580,0,0,0,63.9250,0.00,0.00,0.00
780.00,412631,281458,91580,0,0,0,68.9250,0.00,0.00,0.00
840.00,412631,281458,91580,0,0,0,66.8500,0.00,0.00,0.00
900.00,412631,281458,91580,0,0,0,67.1250,0.00,0.00,0.00
960.00,412631,281458,91580,0,0,0,63.7750,0.00,0.00,0.00
1020.00,412631,281458,91580,0,0,0,71.5500,0.00,0.00,0.00
1080.00,412631,281458,91580,0,0,0,66.0250,0.00,0.00,0.00
1140.00,412631,281458,91580,0,0,0,64.9000,0.00,0.00,0.00
1200.00,412631,281458,91580,0,0,0,64.3250,0.00,0.00,0.00
1260.00,412631,281458,91580,0,0,0,67.4500,0.00,0.00,0.00
1320.00,412631,281458,91580,0,0,0,69.3250,0.00,0.00,0.00
1380.00,412631,281458,91580,0,0,0,67.6250,0.00,0.00,0.00
1440.00,412631,281458,91580,0,0,0,66.1250,0.00,0.00,0.00
1500.00,412631,281458,91580,0,0,0,60.3500,0.00,0.00,0.00
1560.00,412631,281458,91580,0,0,0,20.7750,0.00,0.00,0.00
1620.00,412631,281458,91580,0,0,0,16.4250,0.00,0.00,0.00
1680.00,412631,281458,91580,0,0,0,27.5500,0.00,0.00,0.00
1740.00,412631,281458,91580,0,0,0,21.1250,0.00,0.00,0.00
1800.00,412631,281458,91580,0,0,0,21.9750,0.00,0.00,0.00
1860.00,412631,281458,91580,0,0,0,17.8750,0.00,0.00,0.00
1920.00,412631,281458,91580,0,0,0,17.9750,0.00,0.00,0.00
1980.00,412631,281458,91580,0,0,0,20.2000,0.00,0.00,0.00
2040.00,412631,281458,91580,0,0,0,20.5500,0.00,0.00,0.00
2100.00,412631,281458,91580,0,0,0,20.4000,0.00,0.00,0.00
2160.00,412631,281458,91580,0,0,0,22.7500,0.00,0.00,0.00
2220.00,412631,281458,91580,0,0,0,20.0000,0.00,0.00,0.00
2280.00,412631,281458,91580,0,0,0,22.8250,0.00,0.00,0.00
2340.00,412631,281458,91580,0,0,0,23.1250,0.00,0.00,0.00
2400.00,412631,281458,91580,0,0,0,19.4000,0.00,0.00,0.00
2460.00,412631,281458,91580,0,0,0,75.2500,0.00,0.00,0.00
2520.00,412631,281458,91580,0,0,0,77.6250,0.00,0.00,0.00
2580.00,412631,281458,91580,0,0,0,79.6500,0.00,0.00,0.00
2640.00,412631,281458,91580,0,0,0,76.0750,0.00,0.00,0.00
2700.00,412631,281458,91580,0,0,0,77.8500,0.00,0.00,0.00
2760.00,412631,281458,91580,0,0,0,77.2250,0.00,0.00,0.00
2820.00,412631,281458,91580,0,0,0,78.2750,0.00,0.00,0.00
2880.00,412631,281458,91580,0,0,0,80.3500,0.00,0.00,0.00
2940.00,412631,281458,91580,0,0,0,77.3500,0.00,0.00,0.00
3000.00,412631,281458,91580,0,0,0,76.2500,0.00,0.00,0.00
3060.00,412631,281458,91580,0,0,0,78.3000,0.00,0.00,0.00
3120.00,412631,281458,91580,0,0,0,78.5750,0.00,0.00,0.00
3180.00,412631,281458,91580,0,0,0,81.2250,0.00,0.00,0.00
3240.00,412631,281458,91580,0,0,0,76.3500,0.00,0.00,0.00
3300.00,412631,281458,91580,0,0,0,79.8250,0.00,0.00,0.00
3360.00,412631,281458,91580,0,0,0,24.3250,0.00,0.00,0.00
3420.00,412631,281458,91580,0,0,0,25.4500,0.00,0.00,0.00
3480.00,412631,281458,91580,0,0,0,21.4000,0.00,0.00,0.00
3540.00,412631,281458,91580,0,0,0,21.2250,0.00,0.00,0.00
60.00,458808,300818,101911,46177,19360,10331,0.0000,0.00,0.00,0.00
120.00,458808,300818,101911,0,0,0,25.3500,0.00,0.00,0.00
180.00,458808,300818,101911,0,0,0,23.1750,0.00,0.00,0.00
240.00,458808,300818,101911,0,0,0,23.3000,0.00,0.00,0.00
300.00,458808,300818,101911,0,0,0,26.2750,0.00,0.00,0.00
360.00,458808,300818,101911,0,0,0,24.6250,0.00,0.00,0.00
420.00,458808,300818,101911,0,0,0,24.2500,0.00,0.00,0.00
480.00,458808,300818,101911,0,0,0,27.5750,0.00,0.00,0.00
540.00,458808,300818,101911,0,0,0,28.1750,0.00,0.00,0.00
600.00,458808,300818,101911,0,0,0,25.9500,0.00,0.00,0.00
660.00,458808,300818,101911,0,0,0,72.4750,0.00,0.00,0.00
720.00,458808,300818,101911,0,0,0,68.6000,0.00,0.00,0.00
780.00,458808,300818,101911,0,0,0,70.2750,0.00,0.00,0.00
840.00,458808,300818,101911,0,0,0,69.6750,0.00,0.00,0.00
900.00,458808,300818,101911,0,0,0,74.9000,0.00,0.00,0.00
960.00,458808,300818,101911,0,0,0,70.8000,0.00,0.00,0.00
1020.00,458808,300818,101911,0,0,0,72.2250,0.00,0.00,0.00
1080.00,458808,300818,101911,0,0,0,75.9000,0.00,0.00,0.00
1140.00,458808,300818,101911,0,0,0,64.2000,0.00,0.00,0.00
1200.00,458808,300818,101911,0,0,0,69.2750,0.00,0.00,0.00
1260.00,458808,300818,101911,0,0,0,68.2500,0.00,0.00,0.00
1320.00,458808,300818,101911,0,0,0,78.6500,0.00,0.00,0.00
1380.00,458808,300818,101911,0,0,0,68.0250,0.00,0.00,0.00
1440.00,458808,300818,101911,0,0,0,73.6000,0.00,0.00,0.00
1500.00,458808,300818,101911,0,0,0,67.3500,0.00,0.00,0.00
1560.00,458808,300818,101911,0,0,0,28.4250,0.00,0.00,0.00
1620.00,458808,300818,101911,0,0,0,21.2250,0.00,0.00,0.00
1680.00,458808,300818,101911,0,0,0,22.5000,0.00,0.00,0.00
1740.00,458808,300818,101911,0,0,0,30.4000,0.00,0.00,0.00
1800.00,458808,300818,101911,0,0,0,25.9500,0.00,0.00,0.00
1860.00,458808,300818,101911,0,0,0,20.9750,0.00,0.00,0.00
1920.00,458808,300818,101911,0,0,0,27.5000,0.00,0.00,0.00
1980.00,458808,300818,101911,0,0,0,26.3250,0.00,0.00,0.00
2040.00,458808,300818,101911,0,0,0,22.9250,0.00,0.00,0.00
2100.00,458808,300818,101911,0,0,0,24.8250,0.00,0.00,0.00
2160.00,458808,300818,101911,0,0,0,25.7250,0.00,0.00,0.00
2220.00,458808,300818,101911,0,0,0,28.6500,0.00,0.00,0.00
2280.00,458808,300818,101911,0,0,0,24.5000,0.00,0.00,0.00
2340.00,458808,300818,101911,0,0,0,23.3000,0.00,0.00,0.00
2400.00,458808,300818,101911,0,0,0,20.4250,0.00,0.00,0.00
2460.00,458808,300818,101911,0,0,0,79.1250,0.00,0.00,0.00
2520.00,458808,300818,101911,0,0,0,83.6750,0.00,0.00,0.00
2580.00,458808,300818,101911,0,0,0,82.2750,0.00,0.00,0.00
2640.00,458808,300818,101911,0,0,0,80.8750,0.00,0.00,0.00
2700.00,458808,300818,101911,0,0,0,81.3250,0.00,0.00,0.00
2760.00,458808,300818,101911,0,0,0,76.7750,0.00,0.00,0.00
2820.00,458808,300818,101911,0,0,0,79.2250,0.00,0.00,0.00
2880.00,458808,300818,101911,0,0,0,86.5500,0.00,0.00,0.00
2940.00,458808,300818,101911,0,0,0,78.4750,0.00,0.00,0.00
3000.00,458808,300818,101911,0,0,0,82.7000,0.00,0.00,0.00
3060.00,458808,300818,101911,0,0,0,77.6250,0.00,0.00,0.00
3120.00,458808,300818,101911,0,0,0,77.4000,0.00,0.00,0.00
3180.00,458808,300818,101911,0,0,0,78.1000,0.00,0.00,0.00
3240.00,458808,300818,101911,0,0,0,83.4500,0.00,0.00,0.00
3300.00,458808,300818,101911,0,0,0,79.5000,0.00,0.00,0.00
3360.00,458808,300818,101911,0,0,0,22.4500,0.00,0.00,0.00
3420.00,458808,300818,101911,0,0,0,29.5500,0.00,0.00,0.00
3480.00,458808,300818,101911,0,0,0,26.7000,0.00,0.00,0.00
3540.00,458808,300818,101911,0,0,0,26.6750,0.00,0.00,0.00
60.00,471621,351099,110075,12813,50281,8164,0.0000,0.00,0.00,0.00
120.00,471621,351099,110075,0,0,0,24.7250,0.00,0.00,0.00
180.00,471621,351099,110075,0,0,0,26.1250,0.00,0.00,0.00
240.00,471621,351099,110075,0,0,0,32.7750,0.00,0.00,0.00
300.00,471621,351099,110075,0,0,0,21.2250,0.00,0.00,0.00
360.00,471621,351099,110075,0,0,0,27.7750,0.00,0.00,0.00
420.00,471621,351099,110075,0,0,0,28.0250,0.00,0.00,0.00
480.00,471621,351099,110075,0,0,0,26.9750,0.00,0.00,0.00
540.00,471621,351099,110075,0,0,0,24.5500,0.00,0.00,0.00
600.00,471621,351099,110075,0,0,0,28.4750,0.00,0.00,0.00
660.00,471621,351099,110075,0,0,0,80.5750,0.00,0.00,0.00
720.00,471621,351099,110075,0,0,0,74.5500,0.00,0.00,0.00
780.00,471621,351099,110075,0,0,0,70.0000,0.00,0.00,0.00
840.00,471621,351099,110075,0,0,0,75.4500,0.00,0.00,0.00
900.00,471621,351099,110075,0,0,0,76.0750,0.00,0.00,0.00
960.00,471621,351099,110075,0,0,0,76.0250,0.00,0.00,0.00
1020.00,471621,351099,110075,0,0,0,74.7750,0.00,0.00,0.00
1080.00,471621,351099,110075,0,0,0,76.3250,0.00,0.00,0.00
1140.00,471621,351099,110075,0,0,0,76.9250,0.00,0.00,0.00
1200.00,471621,351099,110075,0,0,0,78.7500,0.00,0.00,0.00
1260.00,471621,351099,110075,0,0,0,76.1500,0.00,0.00,0.00
1320.00,471621,351099,110075,0,0,0,76.8000,0.00,0.00,0.00
1380.00,471621,351099,110075,0,0,0,76.8500,0.00,0.00,0.00
1440.00,471621,351099,110075,0,0,0,75.8750,0.00,0.00,0.00
1500.00,471621,351099,110075,0,0,0,73.9000,0.00,0.00,0.00
1560.00,471621,351099,110075,0,0,0,25.7750,0.00,0.00,0.00
1620.00,471621,351099,110075,0,0,0,26.3250,0.00,0.00,0.00
1680.00,471621,351099,110075,0,0,0,23.6250,0.00,0.00,0.00
1740.00,471621,351099,110075,0,0,0,27.7000,0.00,0.00,0.00
1800.00,471621,351099,110075,0,0,0,32.4750,0.00,0.00,0.00
1860.00,471621,351099,110075,0,0,0,25.5750,0.00,0.00,0.00
1920.00,471621,351099,110075,0,0,0,27.5250,0.00,0.00,0.00
1980.00,471621,351099,110075,0,0,0,27.2500,0.00,0.00,0.00
2040.00,471621,351099,110075,0,0,0,22.3750,0.00,0.00,0.00
2100.00,471621,351099,110075,0,0,0,25.8250,0.00,0.00,0.00
2160.00,471621,351099,110075,0,0,0,24.2750,0.00,0.00,0.00
2220.00,471621,351099,110075,0,0,0,25.6000,0.00,0.00,0.00
2280.00,471621,351099,110075,0,0,0,24.2750,0.00,0.00,0.00
2340.00,471621,351099,110075,0,0,0,24.7500,0.00,0.00,0.00
2400.00,471621,351099,110075,0,0,0,22.9250,0.00,0.00,0.00
2460.00,471621,351099,110075,0,0,0,80.7250,0.00,0.00,0.00
2520.00,471621,351099,110075,0,0,0,83.8500,0.00,0.00,0.00
2580.00,471621,351099,110075,0,0,0,82.8750,0.00,0.00,0.00
2640.00,471621,351099,110075,0,0,0,82.5500,0.00,0.00,0.00
2700.00,471621,351099,110075,0,0,0,84.5500,0.00,0.00,0.00
2760.00,471621,351099,110075,0,0,0,81.9500,0.00,0.00,0.00
2820.00,471621,351099,110075,0,0,0,80.6250,0.00,0.00,0.00
2880.00,471621,351099,110075,0,0,0,81.0750,0.00,0.00,0.00
2940.00,471621,351099,110075,0,0,0,83.9500,0.00,0.00,0.00
3000.00,471621,351099,110075,0,0,0,84.2000,0.00,0.00,0.00
3060.00,471621,351099,110075,0,0,0,82.0750,0.00,0.00,0.00
3120.00,471621,351099,110075,0,0,0,83.3500,0.00,0.00,0.00
3180.00,471621,351099,110075,0,0,0,79.4250,0.00,0.00,0.00
3240.00,471621,351099,110075,0,0,0,79.7250,0.00,0.00,0.00
3300.00,471621,351099,110075,0,0,0,81.7750,0.00,0.00,0.00
3360.00,471621,351099,110075,0,0,0,24.5250,0.00,0.00,0.00
3420.00,471621,351099,110075,0,0,0,28.5750,0.00,0.00,0.00
3480.00,471621,351099,110075,0,0,0,26.6000,0.00,0.00,0.00
3540.00,471621,351099,110075,0,0,0,30.2000,0.00,0.00,0.00
60.00,512083,370789,121675,40462,19690,11600,0.0000,0.00,0.00,0.00
120.00,512083,370789,121675,0,0,0,33.1000,0.00,0.00,0.00
180.00,512083,370789,121675,0,0,0,31.8500,0.00,0.00,0.00
240.00,512083,370789,121675,0,0,0,27.9000,0.00,0.00,0.00
300.00,512083,370789,121675,0,0,0,23.6500,0.00,0.00,0.00
360.00,512083,370789,121675,0,0,0,27.9250,0.00,0.00,0.00
420.00,512083,370789,121675,0,0,0,35.7750,0.00,0.00,0.00
480.00,512083,370789,121675,0,0,0,34.0000,0.00,0.00,0.00
540.00,512083,370789,121675,0,0,0,31.4500,0.00,0.00,0.00
600.00,512083,370789,121675,0,0,0,28.3500,0.00,0.00,0.00
660.00,512083,370789,121675,0,0,0,78.0000,0.00,0.00,0.00
720.00,512083,370789,121675,0,0,0,76.7750,0.00,0.00,0.00
780.00,512083,370789,121675,0,0,0,77.7750,0.00,0.00,0.00
840.00,512083,370789,121675,0,0,0,76.3750,0.00,0.00,0.00
900.00,512083,370789,121675,0,0,0,78.9000,0.00,0.00,0.00
960.00,512083,370789,121675,0,0,0,76.9500,0.00,0.00,0.00
1020.00,512083,370789,121675,0,0,0,72.5500,0.00,0.00,0.00
1080.00,512083,370789,121675,0,0,0,80.2750,0.00,0.00,0.00
1140.00,512083,370789,121675,0,0,0,75.6250,0.00,0.00,0.00
1200.00,512083,370789,121675,0,0,0,78.1000,0.00,0.00,0.00
1260.00,512083,370789,121675,0,0,0,79.8000,0.00,0.00,0.00
1320.00,512083,370789,121675,0,0,0,77.4250,0.00,0.00,0.00
1380.00,512083,370789,121675,0,0,0,75.2000,0.00,0.00,0.00
1440.00,512083,370789,121675,0,0,0,72.6500,0.00,0.00,0.00
1500.00,512083,370789,121675,0,0,0,80.1500,0.00,0.00,0.00
1560.00,512083,370789,121675,0,0,0,27.6000,0.00,0.00,0.00
1620.00,512083,370789,121675,0,0,0,32.8750,0.00,0.00,0.00
1680.00,512083,370789,121675,0,0,0,29.2750,0.00,0.00,0.00
1740.00,512083,370789,121675,0,0,0,32.6500,0.00,0.00,0.00
1800.00,512083,370789,121675,0,0,0,29.5500,0.00,0.00,0.00
1860.00,512083,370789,121675,0,0,0,30.6250,0.00,0.00,0.00
1920.00,512083,370789,121675,0,0,0,27.8500,0.00,0.00,0.00
1980.00,512083,370789,121675,0,0,0,25.6750,0.00,0.00,0.00
2040.00,512083,370789,121675,0,0,0,33.2250,0.00,0.00,0.00
2100.00,512083,370789,121675,0,0,0,31.4500,0.00,0.00,0.00
2160.00,512083,370789,121675,0,0,0,28.4500,0.00,0.00,0.00
2220.00,512083,370789,121675,0,0,0,22.8750,0.00,0.00,0.00
2280.00,512083,370789,121675,0,0,0,31.2000,0.00,0.00,0.00
2340.00,512083,370789,121675,0,0,0,30.1000,0.00,0.00,0.00
2400.00,512083,370789,121675,0,0,0,26.4000,0.00,0.00,0.00
2460.00,512083,370789,121675,0,0,0,85.2000,0.00,0.00,0.00
2520.00,512083,370789,121675,0,0,0,83.8250,0.00,0.00,0.00
2580.00,512083,370789,121675,0,0,0,82.8000,0.00,0.00,0.00
2640.00,512083,370789,121675,0,0,0,84.9250,0.00,0.00,0.00
2700.00,512083,370789,121675,0,0,0,80.0750,0.00,0.00,0.00
2760.00,512083,370789,121675,0,0,0,83.3250,0.00,0.00,0.00
2820.00,512083,370789,121675,0,0,0,85.5500,0.00,0.00,0.00
2880.00,512083,370789,121675,0,0,0,84.1500,0.00,0.00,0.00
2940.00,512083,370789,121675,0,0,0,83.9250,0.00,0.00,0.00
3000.00,512083,370789,121675,0,0,0,84.5750,0.00,0.00,0.00
3060.00,512083,370789,121675,0,0,0,76.6500,0.00,0.00,0.00
3120.00,512083,370789,121675,0,0,0,82.7000,0.00,0.00,0.00
3180.00,512083,370789,121675,0,0,0,83.2500,0.00,0.00,0.00
3240.00,512083,370789,121675,0,0,0,82.0250,0.00,0.00,0.00
3300.00,512083,370789,121675,0,0,0,81.4500,0.00,0.00,0.00
3360.00,512083,370789,121675,0,0,0,24.9750,0.00,0.00,0.00
3420.00,512083,370789,121675,0,0,0,28.8250,0.00,0.00,0.00
3480.00,512083,370789,121675,0,0,0,27.5250,0.00,0.00,0.00
3540.00,512083,370789,121675,0,0,0,24.8500,0.00,0.00,0.00
60.00,569287,396071,128938,57204,25282,7263,0.0000,0.00,0.00,0.00
120.00,569287,396071,128938,0,0,0,32.3750,0.00,0.00,0.00
180.00,569287,396071,128938,0,0,0,31.6250,0.00,0.00,0.00
240.00,569287,396071,128938,0,0,0,34.5000,0.00,0.00,0.00
300.00,569287,396071,128938,0,0,0,28.9000,0.00,0.00,0.00
360.00,569287,396071,128938,0,0,0,28.3750,0.00,0.00,0.00
420.00,569287,396071,128938,0,0,0,34.7500,0.00,0.00,0.00
480.00,569287,396071,128938,0,0,0,28.5500,0.00,0.00,0.00
540.00,569287,396071,128938,0,0,0,32.1750,0.00,0.00,0.00
600.00,569287,396071,128938,0,0,0,41.0250,0.00,0.00,0.00
660.00,569287,396071,128938,0,0,0,81.0500,0.00,0.00,0.00
720.00,569287,396071,128938,0,0,0,81.3250,0.00,0.00,0.00
780.00,569287,396071,128938,0,0,0,78.8250,0.00,0.00,0.00
840.00,569287,396071,128938,0,0,0,82.5000,0.00,0.00,0.00
900.00,569287,396071,128938,0,0,0,79.4750,0.00,0.00,0.00
960.00,569287,396071,128938,0,0,0,81.5000,0.00,0.00,0.00
1020.00,569287,396071,128938,0,0,0,80.4000,0.00,0.00,0.00
1080.00,569287,396071,128938,0,0,0,75.8500,0.00,0.00,0.00
1140.00,569287,396071,128938,0,0,0,79.1000,0.00,0.00,0.00
1200.00,569287,396071,128938,0,0,0,76.5750,0.00,0.00,0.00
1260.00,569287,396071,128938,0,0,0,81.7750,0.00,0.00,0.00
1320.00,569287,396071,128938,0,0,0,75.8500,0.00,0.00,0.00
1380.00,569287,396071,128938,0,0,0,78.2000,0.00,0.00,0.00
1440.00,569287,396071,128938,0,0,0,80.3750,0.00,0.00,0.00
1500.00,569287,396071,128938,0,0,0,81.6750,0.00,0.00,0.00
1560.00,569287,396071,128938,0,0,0,28.1500,0.00,0.00,0.00
1620.00,569287,396071,128938,0,0,0,37.5000,0.00,0.00,0.00
1680.00,569287,396071,128938,0,0,0,31.6250,0.00,0.00,0.00
1740.00,569287,396071,128938,0,0,0,29.4250,0.00,0.00,0.00
1800.00,569287,396071,128938,0,0,0,27.9250,0.00,0.00,0.00
1860.00,569287,396071,128938,0,0,0,24.6750,0.00,0.00,0.00
1920.00,569287,396071,128938,0,0,0,35.1250,0.00,0.00,0.00
1980.00,569287,396071,128938,0,0,0,28.8250,0.00,0.00,0.00
2040.00,569287,396071,128938,0,0,0,35.7000,0.00,0.00,0.00
2100.00,569287,396071,128938,0,0,0,29.2500,0.00,0.00,0.00
2160.00,569287,396071,128938,0,0,0,31.5500,0.00,0.00,0.00
2220.00,569287,396071,128938,0,0,0,32.1250,0.00,0.00,0.00
2280.00,569287,396071,128938,0,0,0,32.7000,0.00,0.00,0.00
2340.00,569287,396071,128938,0,0,0,37.7750,0.00,0.00,0.00
2400.00,569287,396071,128938,0,0,0,33.3250,0.00,0.00,0.00
2460.00,569287,396071,128938,0,0,0,82.4250,0.00,0.00,0.00
2520.00,569287,396071,128938,0,0,0,86.4250,0.00,0.00,0.00
2580.00,569287,396071,128938,0,0,0,87.3250,0.00,0.00,0.00
2640.00,569287,396071,128938,0,0,0,85.5000,0.00,0.00,0.00
2700.00,569287,396071,128938,0,0,0,85.5000,0.00,0.00,0.00
2760.00,569287,396071,128938,0,0,0,82.5750,0.00,0.00,0.00
2820.00,569287,396071,128938,0,0,0,84.1750,0.00,0.00,0.00
2880.00,569287,396071,128938,0,0,0,81.0250,0.00,0.00,0.00
2940.00,569287,396071,128938,0,0,0,84.0000,0.00,0.00,0.00
3000.00,569287,396071,128938,0,0,0,83.9500,0.00,0.00,0.00
3060.00,569287,396071,128938,0,0,0,80.2250,0.00,0.00,0.00
3120.00,569287,396071,128938,0,0,0,83.6500,0.00,0.00,0.00
3180.00,569287,396071,128938,0,0,0,80.0250,0.00,0.00,0.00
3240.00,569287,396071,128938,0,0,0,85.1000,0.00,0.00,0.00
3300.00,569287,396071,128938,0,0,0,86.4500,0.00,0.00,0.00
3360.00,569287,396071,128938,0,0,0,31.4500,0.00,0.00,0.00
3420.00,569287,396071,128938,0,0,0,36.4000,0.00,0.00,0.00
3480.00,569287,396071,128938,0,0,0,31.9000,0.00,0.00,0.00
3540.00,569287,396071,128938,0,0,0,31.6500,0.00,0.00,0.00
60.00,592911,424612,141560,23624,28541,12622,0.0000,0.00,0.00,0.00
120.00,592911,424612,141560,0,0,0,31.0750,0.00,0.00,0.00
180.00,592911,424612,141560,0,0,0,31.8750,0.00,0.00,0.00
240.00,592911,424612,141560,0,0,0,35.1750,0.00,0.00,0.00
300.00,592911,424612,141560,0,0,0,35.7750,0.00,0.00,0.00
360.00,592911,424612,141560,0,0,0,29.2500,0.00,0.00,0.00
420.00,592911,424612,141560,0,0,0,34.3000,0.00,0.00,0.00
480.00,592911,424612,141560,0,0,0,33.1750,0.00,0.00,0.00
540.00,592911,424612,141560,0,0,0,29.9250,0.00,0.00,0.00
600.00,592911,424612,141560,0,0,0,32.3250,0.00,0.00,0.00
660.00,592911,424612,141560,0,0,0,82.8750,0.00,0.00,0.00
720.00,592911,424612,141560,0,0,0,79.0000,0.00,0.00,0.00
780.00,592911,424612,141560,0,0,0,83.2250,0.00,0.00,0.00
840.00,592911,424612,141560,0,0,0,78.2000,0.00,0.00,0.00
900.00,592911,424612,141560,0,0,0,74.9250,0.00,0.00,0.00
960.00,592911,424612,141560,0,0,0,81.9000,0.00,0.00,0.00
1020.00,592911,424612,141560,0,0,0,77.9000,0.00,0.00,0.00
1080.00,592911,424612,141560,0,0,0,81.3000,0.00,0.00,0.00
1140.00,592911,424612,141560,0,0,0,75.8750,0.00,0.00,0.00
1200.00,592911,424612,141560,0,0,0,82.2000,0.00,0.00,0.00
1260.00,592911,424612,141560,0,0,0,81.7750,0.00,0.00,0.00
1320.00,592911,424612,141560,0,0,0,82.2500,0.00,0.00,0.00
1380.00,592911,424612,141560,0,0,0,84.5750,0.00,0.00,0.00
1440.00,592911,424612,141560,0,0,0,76.5500,0.00,0.00,0.00
1500.00,592911,424612,141560,0,0,0,80.2750,0.00,0.00,0.00
1560.00,592911,424612,141560,0,0,0,34.7750,0.00,0.00,0.00
1620.00,592911,424612,141560,0,0,0,37.1250,0.00,0.00,0.00
1680.00,592911,424612,141560,0,0,0,33.4750,0.00,0.00,0.00
1740.00,592911,424612,141560,0,0,0,33.1750,0.00,0.00,0.00
1800.00,592911,424612,141560,0,0,0,34.9750,0.00,0.00,0.00
1860.00,592911,424612,141560,0,0,0,29.9250,0.00,0.00,0.00
1920.00,592911,424612,141560,0,0,0,36.5500,0.00,0.00,0.00
1980.00,592911,424612,141560,0,0,0,35.7750,0.00,0.00,0.00
2040.00,592911,424612,141560,0,0,0,36.7750,0.00,0.00,0.00
2100.00,592911,424612,141560,0,0,0,32.4750,0.00,0.00,0.00
2160.00,592911,424612,141560,0,0,0,34.6250,0.00,0.00,0.00
2220.00,592911,424612,141560,0,0,0,39.3500,0.00,0.00,0.00
2280.00,592911,424612,141560,0,0,0,33.4750,0.00,0.00,0.00
2340.00,592911,424612,141560,0,0,0,41.9250,0.00,0.00,0.00
2400.00,592911,424612,141560,0,0,0,32.5750,0.00,0.00,0.00
2460.00,592911,424612,141560,0,0,0,84.1000,0.00,0.00,0.00
2520.00,592911,424612,141560,0,0,0,86.0250,0.00,0.00,0.00
2580.00,592911,424612,141560,0,0,0,84.0250,0.00,0.00,0.00
2640.00,592911,424612,141560,0,0,0,87.3250,0.00,0.00,0.00
2700.00,592911,424612,141560,0,0,0,86.9750,0.00,0.00,0.00
2760.00,592911,424612,141560,0,0,0,85.7500,0.00,0.00,0.00
2820.00,592911,424612,141560,0,0,0,86.3500,0.00,0.00,0.00
2880.00,592911,424612,141560,0,0,0,84.6750,0.00,0.00,0.00
2940.00,592911,424612,141560,0,0,0,84.7500,0.00,0.00,0.00
3000.00,592911,424612,141560,0,0,0,82.2250,0.00,0.00,0.00
3060.00,592911,424612,141560,0,0,0,85.0250,0.00,0.00,0.00
3120.00,592911,424612,141560,0,0,0,86.1000,0.00,0.00,0.00
3180.00,592911,424612,141560,0,0,0,82.8750,0.00,0.00,0.00
3240.00,592911,424612,141560,0,0,0,84.7500,0.00,0.00,0.00
3300.00,592911,424612,141560,0,0,0,84.2000,0.00,0.00,0.00
3360.00,592911,424612,141560,0,0,0,29.7500,0.00,0.00,0.00
3420.00,592911,424612,141560,0,0,0,32.0750,0.00,0.00,0.00
3480.00,592911,424612,141560,0,0,0,39.4750,0.00,0.00,0.00
3540.00,592911,424612,141560,0,0,0,31.6500,0.00,0.00,0.00
60.00,619083,461246,150754,26172,36634,9194,0.0000,0.00,0.00,0.00
120.00,619083,461246,150754,0,0,0,36.5000,0.00,0.00,0.00
180.00,619083,461246,150754,0,0,0,44.2250,0.00,0.00,0.00
240.00,619083,461246,150754,0,0,0,30.6250,0.00,0.00,0.00
300.00,619083,461246,150754,0,0,0,35.5500,0.00,0.00,0.00
360.00,619083,461246,150754,0,0,0,31.1250,0.00,0.00,0.00
420.00,619083,461246,150754,0,0,0,36.4250,0.00,0.00,0.00
480.00,619083,461246,150754,0,0,0,35.4000,0.00,0.00,0.00
540.00,619083,461246,150754,0,0,0,38.7500,0.00,0.00,0.00
600.00,619083,461246,150754,0,0,0,34.5250,0.00,0.00,0.00
660.00,619083,461246,150754,0,0,0,76.9500,0.00,0.00,0.00
720.00,619083,461246,150754,0,0,0,85.5750,0.00,0.00,0.00
780.00,619083,461246,150754,0,0,0,83.1500,0.00,0.00,0.00
840.00,619083,461246,150754,0,0,0,83.8000,0.00,0.00,0.00
900.00,619083,461246,150754,0,0,0,81.4500,0.00,0.00,0.00
960.00,619083,461246,150754,0,0,0,82.7000,0.00,0.00,0.00
1020.00,619083,461246,150754,0,0,0,80.6750,0.00,0.00,0.00
1080.00,619083,461246,150754,0,0,0,82.2250,0.00,0.00,0.00
1140.00,619083,461246,150754,0,0,0,82.9250,0.00,0.00,0.00
1200.00,619083,461246,150754,0,0,0,80.6500,0.00,0.00,0.00
1260.00,619083,461246,150754,0,0,0,82.2750,0.00,0.00,0.00
1320.00,619083,461246,150754,0,0,0,83.1500,0.00,0.00,0.00
1380.00,619083,461246,150754,0,0,0,83.3750,0.00,0.00,0.00
1440.00,619083,461246,150754,0,0,0,80.1750,0.00,0.00,0.00
1500.00,619083,461246,150754,0,0,0,84.5750,0.00,0.00,0.00
1560.00,619083,461246,150754,0,0,0,38.4000,0.00,0.00,0.00
1620.00,619083,461246,150754,0,0,0,39.9750,0.00,0.00,0.00
1680.00,619083,461246,150754,0,0,0,38.0500,0.00,0.00,0.00
1740.00,619083,461246,150754,0,0,0,32.0000,0.00,0.00,0.00
1800.00,619083,461246,150754,0,0,0,37.7750,0.00,0.00,0.00
1860.00,619083,461246,150754,0,0,0,43.0000,0.00,0.00,0.00
1920.00,619083,461246,150754,0,0,0,37.9500,0.00,0.00,0.00
1980.00,619083,461246,150754,0,0,0,29.8250,0.00,0.00,0.00
2040.00,619083,461246,150754,0,0,0,32.9000,0.00,0.00,0.00
2100.00,619083,461246,150754,0,0,0,29.9250,0.00,0.00,0.00
2160.00,619083,461246,150754,0,0,0,40.2500,0.00,0.00,0.00
2220.00,619083,461246,150754,0,0,0,32.5250,0.00,0.00,0.00
2280.00,619083,461246,150754,0,0,0,39.2250,0.00,0.00,0.00
2340.00,619083,461246,150754,0,0,0,38.7000,0.00,0.00,0.00
2400.00,619083,461246,150754,0,0,0,31.0000,0.00,0.00,0.00
2460.00,619083,461246,150754,0,0,0,85.2250,0.00,0.00,0.00
2520.00,619083,461246,150754,0,0,0,86.3000,0.00,0.00,0.00
2580.00,619083,461246,150754,0,0,0,85.5000,0.00,0.00,0.00
2640.00,619083,461246,150754,0,0,0,86.8250,0.00,0.00,0.00
2700.00,619083,461246,150754,0,0,0,87.5250,0.00,0.00,0.00
2760.00,619083,461246,150754,0,0,0,82.3750,0.00,0.00,0.00
2820.00,619083,461246,150754,0,0,0,85.7750,0.00,0.00,0.00
2880.00,619083,461246,150754,0,0,0,87.2750,0.00,0.00,0.00
2940.00,619083,461246,150754,0,0,0,82.1500,0.00,0.00,0.00
3000.00,619083,461246,150754,0,0,0,84.5000,0.00,0.00,0.00
3060.00,619083,461246,150754,0,0,0,84.2500,0.00,0.00,0.00
3120.00,619083,461246,150754,0,0,0,81.9250,0.00,0.00,0.00
3180.00,619083,461246,150754,0,0,0,89.9000,0.00,0.00,0.00
3240.00,619083,461246,150754,0,0,0,85.2500,0.00,0.00,0.00
3300.00,619083,461246,150754,0,0,0,89.8000,0.00,0.00,0.00
3360.00,619083,461246,150754,0,0,0,39.9250,0.00,0.00,0.00
3420.00,619083,461246,150754,0,0,0,41.7000,0.00,0.00,0.00
3480.00,619083,461246,150754,0,0,0,27.7500,0.00,0.00,0.00
3540.00,619083,461246,150754,0,0,0,35.1250,0.00,0.00,0.00
60.00,711983,510546,143030,92900,49300,-7724,0.0000,0.00,0.00,0.00
120.00,711983,510546,143030,0,0,0,44.2750,0.00,0.00,0.00
180.00,711983,510546,143030,0,0,0,41.8750,0.00,0.00,0.00
240.00,711983,510546,143030,0,0,0,33.3500,0.00,0.00,0.00
300.00,711983,510546,143030,0,0,0,33.1500,0.00,0.00,0.00
360.00,711983,510546,143030,0,0,0,37.2250,0.00,0.00,0.00
420.00,711983,510546,143030,0,0,0,44.5500,0.00,0.00,0.00
480.00,711983,510546,143030,0,0,0,41.0750,0.00,0.00,0.00
540.00,711983,510546,143030,0,0,0,39.5000,0.00,0.00,0.00
600.00,711983,510546,143030,0,0,0,42.7750,0.00,0.00,0.00
660.00,711983,510546,143030,0,0,0,85.5250,0.00,0.00,0.00
720.00,711983,510546,143030,0,0,0,84.2250,0.00,0.00,0.00
780.00,711983,510546,143030,0,0,0,85.2250,0.00,0.00,0.00
840.00,711983,510546,143030,0,0,0,80.0750,0.00,0.00,0.00
900.00,711983,510546,143030,0,0,0,83.2000,0.00,0.00,0.00
960.00,711983,510546,143030,0,0,0,76.8750,0.00,0.00,0.00
1020.00,711983,510546,143030,0,0,0,78.5750,0.00,0.00,0.00
1080.00,711983,510546,143030,0,0,0,85.1250,0.00,0.00,0.00
1140.00,711983,510546,143030,0,0,0,83.4750,0.00,0.00,0.00
1200.00,711983,510546,143030,0,0,0,81.8000,0.00,0.00,0.00
1260.00,711983,510546,143030,0,0,0,84.8000,0.00,0.00,0.00
1320.00,711983,510546,143030,0,0,0,87.3000,0.00,0.00,0.00
1380.00,711983,510546,143030,0,0,0,85.0750,0.00,0.00,0.00
1440.00,711983,510546,143030,0,0,0,86.1250,0.00,0.00,0.00
1500.00,711983,510546,143030,0,0,0,82.3000,0.00,0.00,0.00
1560.00,711983,510546,143030,0,0,0,34.7750,0.00,0.00,0.00
1620.00,711983,510546,143030,0,0,0,45.1750,0.00,0.00,0.00
1680.00,711983,510546,143030,0,0,0,37.1000,0.00,0.00,0.00
1740.00,711983,510546,143030,0,0,0,39.0750,0.00,0.00,0.00
1800.00,711983,510546,143030,0,0,0,40.7500,0.00,0.00,0.00
1860.00,711983,510546,143030,0,0,0,31.3250,0.00,0.00,0.00
1920.00,711983,510546,143030,0,0,0,37.1000,0.00,0.00,0.00
1980.00,711983,510546,143030,0,0,0,36.1250,0.00,0.00,0.00
2040.00,711983,510546,143030,0,0,0,35.7750,0.00,0.00,0.00
2100.00,711983,510546,143030,0,0,0,32.2500,0.00,0.00,0.00
2160.00,711983,510546,143030,0,0,0,34.2750,0.00,0.00,0.00
2220.00,711983,510546,143030,0,0,0,33.2000,0.00,0.00,0.00
2280.00,711983,510546,143030,0,0,0,34.6500,0.00,0.00,0.00
2340.00,711983,510546,143030,0,0,0,43.4250,0.00,0.00,0.00
2400.00,711983,510546,143030,0,0,0,36.8500,0.00,0.00,0.00
2460.00,711983,510546,143030,0,0,0,87.2250,0.00,0.00,0.00
2520.00,711983,510546,143030,0,0,0,87.3750,0.00,0.00,0.00
2580.00,711983,510546,143030,0,0,0,88.2250,0.00,0.00,0.00
2640.00,711983,510546,143030,0,0,0,90.8250,0.00,0.00,0.00
2700.00,711983,510546,143030,0,0,0,87.3750,0.00,0.00,0.00
2760.00,711983,510546,143030,0,0,0,88.5750,0.00,0.00,0.00
2820.00,711983,510546,143030,0,0,0,88.6250,0.00,0.00,0.00
2880.00,711983,510546,143030,0,0,0,86.8750,0.00,0.00,0.00
2940.00,711983,510546,143030,0,0,0,85.8500,0.00,0.00,0.00
3000.00,711983,510546,143030,0,0,0,82.7250,0.00,0.00,0.00
3060.00,711983,510546,143030,0,0,0,81.3500,0.00,0.00,0.00
3120.00,711983,510546,143030,0,0,0,87.4750,0.00,0.00,0.00
3180.00,711983,510546,143030,0,0,0,85.3500,0.00,0.00,0.00
3240.00,711983,510546,143030,0,0,0,85.0750,0.00,0.00,0.00
3300.00,711983,510546,143030,0,0,0,90.7250,0.00,0.00,0.00
3360.00,711983,510546,143030,0,0,0,32.0750,0.00,0.00,0.00
3420.00,711983,510546,143030,0,0,0,40.8500,0.00,0.00,0.00
3480.00,711983,510546,143030,0,0,0,39.1500,0.00,0.00,0.00
3540.00,711983,510546,143030,0,0,0,37.8250,0.00,0.00,0.00
60.00,753052,526091,156472,41069,15545,13442,0.0000,0.00,0.00,0.00
120.00,753052,526091,156472,0,0,0,44.3250,0.00,0.00,0.00
180.00,753052,526091,156472,0,0,0,43.4250,0.00,0.00,0.00
240.00,753052,526091,156472,0,0,0,44.3250,0.00,0.00,0.00
300.00,753052,526091,156472,0,0,0,42.7750,0.00,0.00,0.00
360.00,753052,526091,156472,0,0,0,33.1000,0.00,0.00,0.00
420.00,753052,526091,156472,0,0,0,41.2000,0.00,0.00,0.00
480.00,753052,526091,156472,0,0,0,42.1250,0.00,0.00,0.00
540.00,753052,526091,156472,0,0,0,36.9250,0.00,0.00,0.00
600.00,753052,526091,156472,0,0,0,38.5750,0.00,0.00,0.00
660.00,753052,526091,156472,0,0,0,85.6750,0.00,0.00,0.00
720.00,753052,526091,156472,0,0,0,85.1000,0.00,0.00,0.00
780.00,753052,526091,156472,0,0,0,82.6750,0.00,0.00,0.00
840.00,753052,526091,156472,0,0,0,85.8500,0.00,0.00,0.00
900.00,753052,526091,156472,0,0,0,87.8750,0.00,0.00,0.00
960.00,753052,526091,156472,0,0,0,82.9750,0.00,0.00,0.00
1020.00,753052,526091,156472,0,0,0,85.4250,0.00,0.00,0.00
1080.00,753052,526091,156472,0,0,0,85.3000,0.00,0.00,0.00
1140.00,753052,526091,156472,0,0,0,79.2250,0.00,0.00,0.00
1200.00,753052,526091,156472,0,0,0,81.2000,0.00,0.00,0.00
1260.00,753052,526091,156472,0,0,0,86.7000,0.00,0.00,0.00
1320.00,753052,526091,156472,0,0,0,87.3500,0.00,0.00,0.00
1380.00,753052,526091,156472,0,0,0,83.3750,0.00,0.00,0.00
1440.00,753052,526091,156472,0,0,0,82.4000,0.00,0.00,0.00
1500.00,753052,526091,156472,0,0,0,87.3750,0.00,0.00,0.00
1560.00,753052,526091,156472,0,0,0,38.0000,0.00,0.00,0.00
1620.00,753052,526091,156472,0,0,0,34.4000,0.00,0.00,0.00
1680.00,753052,526091,156472,0,0,0,38.7250,0.00,0.00,0.00
1740.00,753052,526091,156472,0,0,0,45.4250,0.00,0.00,0.00
1800.00,753052,526091,156472,0,0,0,36.8250,0.00,0.00,0.00
1860.00,753052,526091,156472,0,0,0,37.9750,0.00,0.00,0.00
1920.00,753052,526091,156472,0,0,0,45.4250,0.00,0.00,0.00
1980.00,753052,526091,156472,0,0,0,40.6250,0.00,0.00,0.00
2040.00,753052,526091,156472,0,0,0,33.9750,0.00,0.00,0.00
2100.00,753052,526091,156472,0,0,0,40.2500,0.00,0.00,0.00
2160.00,753052,526091,156472,0,0,0,37.5000,0.00,0.00,0.00
2220.00,753052,526091,156472,0,0,0,45.1500,0.00,0.00,0.00
2280.00,753052,526091,156472,0,0,0,39.2250,0.00,0.00,0.00
2340.00,753052,526091,156472,0,0,0,35.0000,0.00,0.00,0.00
2400.00,753052,526091,156472,0,0,0,38.4500,0.00,0.00,0.00
2460.00,753052,526091,156472,0,0,0,87.5250,0.00,0.00,0.00
2520.00,753052,526091,156472,0,0,0,87.6250,0.00,0.00,0.00
2580.00,753052,526091,156472,0,0,0,88.4250,0.00,0.00,0.00
2640.00,753052,526091,156472,0,0,0,89.1000,0.00,0.00,0.00
2700.00,753052,526091,156472,0,0,0,87.7250,0.00,0.00,0.00
2760.00,753052,526091,156472,0,0,0,87.5000,0.00,0.00,0.00
2820.00,753052,526091,156472,0,0,0,86.5000,0.00,0.00,0.00
2880.00,753052,526091,156472,0,0,0,89.5500,0.00,0.00,0.00
2940.00,753052,526091,156472,0,0,0,87.2250,0.00,0.00,0.00
3000.00,753052,526091,156472,0,0,0,82.9750,0.00,0.00,0.00
3060.00,753052,526091,156472,0,0,0,84.6250,0.00,0.00,0.00
3120.00,753052,526091,156472,0,0,0,84.4250,0.00,0.00,0.00
3180.00,753052,526091,156472,0,0,0,87.4750,0.00,0.00,0.00
3240.00,753052,526091,156472,0,0,0,87.8000,0.00,0.00,0.00
3300.00,753052,526091,156472,0,0,0,88.1750,0.00,0.00,0.00
3360.00,753052,526091,156472,0,0,0,39.7500,0.00,0.00,0.00
3420.00,753052,526091,156472,0,0,0,40.5750,0.00,0.00,0.00
3480.00,753052,526091,156472,0,0,0,47.5000,0.00,0.00,0.00
3540.00,753052,526091,156472,0,0,0,42.7000,0.00,0.00,0.00
150.00,40586,32334,8050,40586,32334,8050,0.0000,0.00,0.00,0.00
300.00,40586,32334,8050,0,0,0,2.6500,0.00,0.00,0.00
450.00,40586,32334,8050,0,0,0,3.1500,0.00,0.00,0.00
600.00,40586,32334,8050,0,0,0,2.4750,0.00,0.00,0.00
750.00,40586,32334,8050,0,0,0,5.9000,0.00,0.00,0.00
900.00,40586,32334,8050,0,0,0,6.2750,0.00,0.00,0.00
1050.00,40586,32334,8050,0,0,0,7.2750,0.00,0.00,0.00
1200.00,40586,32334,8050,0,0,0,4.5500,0.00,0.00,0.00
1350.00,40586,32334,8050,0,0,0,5.4750,0.00,0.00,0.00
1500.00,40586,32334,8050,0,0,0,4.1500,0.00,0.00,0.00
1650.00,40586,32334,8050,0,0,0,2.7500,0.00,0.00,0.00
1800.00,40586,32334,8050,0,0,0,3.2500,0.00,0.00,0.00
1950.00,40586,32334,8050,0,0,0,3.2500,0.00,0.00,0.00
2100.00,40586,32334,8050,0,0,0,2.9750,0.00,0.00,0.00
2250.00,40586,32334,8050,0,0,0,3.0750,0.00,0.00,0.00
2400.00,40586,32334,8050,0,0,0,2.9000,0.00,0.00,0.00
2550.00,40586,32334,8050,0,0,0,8.2750,0.00,0.00,0.00
2700.00,40586,32334,8050,0,0,0,6.5000,0.00,0.00,0.00
2850.00,40586,32334,8050,0,0,0,8.6750,0.00,0.00,0.00
3000.00,40586,32334,8050,0,0,0,8.2000,0.00,0.00,0.00
3150.00,40586,32334,8050,0,0,0,10.3750,0.00,0.00,0.00
3300.00,40586,32334,8050,0,0,0,7.3500,0.00,0.00,0.00
3450.00,40586,32334,8050,0,0,0,2.2250,0.00,0.00,0.00
150.00,81797,60462,17281,41211,28128,9231,0.0000,0.00,0.00,0.00
300.00,81797,60462,17281,0,0,0,6.6500,0.00,0.00,0.00
450.00,81797,60462,17281,0,0,0,3.2250,0.00,0.00,0.00
600.00,81797,60462,17281,0,0,0,3.9000,0.00,0.00,0.00
750.00,81797,60462,17281,0,0,0,14.5250,0.00,0.00,0.00
900.00,81797,60462,17281,0,0,0,15.9750,0.00,0.00,0.00
1050.00,81797,60462,17281,0,0,0,15.5500,0.00,0.00,0.00
1200.00,81797,60462,17281,0,0,0,15.7750,0.00,0.00,0.00
1350.00,81797,60462,17281,0,0,0,10.2750,0.00,0.00,0.00
1500.00,81797,60462,17281,0,0,0,13.8000,0.00,0.00,0.00
1650.00,81797,60462,17281,0,0,0,4.2000,0.00,0.00,0.00
1800.00,81797,60462,17281,0,0,0,4.8250,0.00,0.00,0.00
1950.00,81797,60462,17281,0,0,0,2.3000,0.00,0.00,0.00
2100.00,81797,60462,17281,0,0,0,6.0000,0.00,0.00,0.00
2250.00,81797,60462,17281,0,0,0,3.8000,0.00,0.00,0.00
2400.00,81797,60462,17281,0,0,0,3.1500,0.00,0.00,0.00
2550.00,81797,60462,17281,0,0,0,13.9750,0.00,0.00,0.00
2700.00,81797,60462,17281,0,0,0,18.1000,0.00,0.00,0.00
2850.00,81797,60462,17281,0,0,0,18.5750,0.00,0.00,0.00
3000.00,81797,60462,17281,0,0,0,15.7000,0.00,0.00,0.00
3150.00,81797,60462,17281,0,0,0,14.7500,0.00,0.00,0.00
3300.00,81797,60462,17281,0,0,0,17.6250,0.00,0.00,0.00
3450.00,81797,60462,17281,0,0,0,4.4000,0.00,0.00,0.00
150.00,122812,83270,28326,41015,22808,11045,0.0000,0.00,0.00,0.00
300.00,122812,83270,28326,0,0,0,3.8750,0.00,0.00,0.00
450.00,122812,83270,28326,0,0,0,7.5500,0.00,0.00,0.00
600.00,122812,83270,28326,0,0,0,6.4500,0.00,0.00,0.00
750.00,122812,83270,28326,0,0,0,20.8500,0.00,0.00,0.00
900.00,122812,83270,28326,0,0,0,18.7750,0.00,0.00,0.00
1050.00,122812,83270,28326,0,0,0,17.2000,0.00,0.00,0.00
1200.00,122812,83270,28326,0,0,0,17.4000,0.00,0.00,0.00
1350.00,122812,83270,28326,0,0,0,21.3500,0.00,0.00,0.00
1500.00,122812,83270,28326,0,0,0,21.5000,0.00,0.00,0.00
1650.00,122812,83270,28326,0,0,0,5.3500,0.00,0.00,0.00
1800.00,122812,83270,28326,0,0,0,5.3500,0.00,0.00,0.00
1950.00,122812,83270,28326,0,0,0,5.5250,0.00,0.00,0.00
2100.00,122812,83270,28326,0,0,0,7.5500,0.00,0.00,0.00
2250.00,122812,83270,28326,0,0,0,8.0250,0.00,0.00,0.00
2400.00,122812,83270,28326,0,0,0,7.0500,0.00,0.00,0.00
2550.00,122812,83270,28326,0,0,0,34.0500,0.00,0.00,0.00
2700.00,122812,83270,28326,0,0,0,28.7250,0.00,0.00,0.00
2850.00,122812,83270,28326,0,0,0,22.2750,0.00,0.00,0.00
3000.00,122812,83270,28326,0,0,0,27.0750,0.00,0.00,0.00
3150.00,122812,83270,28326,0,0,0,26.0500,0.00,0.00,0.00
3300.00,122812,83270,28326,0,0,0,31.7750,0.00,0.00,0.00
3450.00,122812,83270,28326,0,0,0,7.7750,0.00,0.00,0.00
